ID,mitigation,adaptation,action,information,objective,emissions,sector,planning,policy,economic,environment,context,ambition,vulnerability,institutions,projection,agriculture,needs,transparency,equity,development,energy,forestry,population,waste,reduction,achievement,industry,technology,reporting,sustainable,inventory,marine,education,health
AFG,0.03206012227786932,0.07209285382176882,0.024769191778211404,0.012088325062504221,0.0,0.05588312332296327,0.025916585247653643,0.02102708236468257,0.01261210208364646,0.011728763012435202,0.02303315115570861,0.0,0.003796825388903868,0.009992989490507486,0.008893865391568325,0.0058963762365128155,0.042934740205769394,0.06023291849607682,0.0,0.0,0.08873179642525675,0.05029481099066694,0.015480744861382128,0.019742700990607383,0.021542122305966718,0.022624216043195783,0.0,0.019856235020468363,0.04330295445886577,0.0,0.024919829610617044,0.011035864216453405,0.0,0.004571779529528121,0.0067858958733092506
AGO,0.05914663621268509,0.07350950135055087,0.011087962367738593,0.009018925242711112,0.012767888587628168,0.08338718705411809,0.04640637845584532,0.007171658668346427,0.003763883094066449,0.017501322350561392,0.005891897956178889,0.013091376070973049,0.0022662053950463627,0.013917167689221624,0.0026542339545152288,0.0035193611161208017,0.04100222893518672,0.010573861897278993,0.0,0.0,0.030751671701390038,0.09005816201844752,0.018479937279564318,0.009819829926964814,0.0,0.015191641596510156,0.0,0.002370312159215981,0.013917167689221624,0.0,0.00929616299847808,0.010978265816233205,0.01645172768964876,0.0,0.026326867767262147
ALB,0.014785048967078131,0.0,0.0,0.007665251713368414,0.02712880893194823,0.18426561693544632,0.01460782465336898,0.015238115245401182,0.0,0.02231175625537071,0.008345946567578675,0.0,0.01926064838076216,0.0,0.0,0.0,0.01452004152099349,0.0,0.011843132743077616,0.027964891706551673,0.05082014532347722,0.0354356955645089,0.023559354426892862,0.0,0.0,0.02869219844635744,0.0,0.0,0.0,0.0,0.007900878146143275,0.018661019709794027,0.0,0.0,0.0
AND,0.017591548352405898,0.004532653928571729,0.0,0.0,0.010759467331541336,0.0927566257837189,0.008690341651401085,0.004532653928571729,0.0,0.004424495987663221,0.01986034985979096,0.0,0.0,0.005026269392448188,0.0,0.0,0.008638118583991989,0.0,0.014091197314105618,0.0,0.0,0.01686484105158526,0.004671898883290812,0.00993017492989548,0.01393103193392852,0.025603915690260517,0.008185242293881012,0.0,0.0,0.0069960017752217635,0.0,0.02775407028250412,0.0,0.0,0.0051197503150715255
ARE,0.023533285913607257,0.031184266067674393,0.010714086428074851,0.013943704545016138,0.004112455691284919,0.022561125286064826,0.01328639936616456,0.0,0.007273936804174489,0.03720462632459882,0.015181942803502472,0.0,0.0,0.003842255296098128,0.0,0.0,0.006603278552385909,0.0,0.0,0.0,0.039619671314315465,0.09669053694027782,0.0,0.0075909714017512375,0.024848520134415998,0.006524174822355088,0.0,0.0,0.030738042368785023,0.016043961897114815,0.0251515737006728,0.004243235497542241,0.012717592395220127,0.02109392084513884,0.0039137153675724715
ARG,0.04211081017512879,0.10683380820173133,0.0,0.030229182561226864,0.01584991496379375,0.08695337873899289,0.016002322877224882,0.013354226025216416,0.0035043319750076452,0.0162944602648983,0.018285341569959115,0.0,0.02109931639565317,0.029617058168626118,0.004942404789682078,0.0,0.015906159755009232,0.019689411929060097,0.010378965439668193,0.006126897562556122,0.044537247314025835,0.021738344684748227,0.0,0.01097120494197547,0.010260994559803685,0.03143122501064049,0.0,0.03089603124161397,0.0074042645421565296,0.0,0.010386138068466126,0.02453093486815735,0.0,0.025405809565694132,0.007541972537232958
ARM,0.08053497843498979,0.09683666472660067,0.0,0.0069588415839257865,0.008209562267810557,0.09651009558612804,0.0,0.0,0.007260362373330694,0.013503707644677888,0.01515361065844695,0.0,0.0,0.0,0.0,0.0,0.006590955686451711,0.0,0.021503399418116544,0.02538771831303852,0.0593186011780654,0.025736025489634145,0.007129394719914288,0.022730415987670425,0.02834531254316532,0.006511999577735412,0.0,0.0,0.030680679837099406,0.010676014049697122,0.0,0.0,0.0,0.010527277960551569,0.007812823388386332
ATG,0.03166972556030041,0.06732040867533577,0.010513411931919188,0.02052380910722261,0.002421257716623403,0.030361448408192382,0.04302390025210997,0.004080024768202168,0.012847853160821997,0.00796533487927916,0.02011174042543129,0.0049652055021496356,0.005157063139344546,0.01357304391820648,0.0,0.0,0.001943879806882824,0.0048124564128364635,0.012684055513872212,0.0,0.036933716330773664,0.07400603049496893,0.004205364772767675,0.0022346378250479213,0.01253988418986888,0.0038411863419473727,0.0036839334988998116,0.0,0.015835217904574227,0.003148691800775257,0.019039231694278205,0.009993023597698084,0.0,0.0031048248573456285,0.01612972873638226
AUS,0.0,0.012839903068347782,0.013234350063314564,0.0,0.01523947336164461,0.14929369179862673,0.0,0.006419951534173891,0.013477466322180429,0.006266759000702122,0.0,0.00781279048339216,0.0,0.0,0.0,0.0,0.006117420779259672,0.0,0.009979231289288557,0.0,0.006117420779259672,0.041802233703615486,0.006617175031657282,0.007032440903323722,0.006577202616557136,0.030220686821834142,0.0,0.0,0.01423819528502456,0.019817966708996437,0.0,0.023586153573283457,0.0,0.0,0.0
AZE,0.009026197780907616,0.01860558491480413,0.0,0.01871838995173175,0.0,0.07787992793080295,0.062426022622317175,0.0,0.0,0.0,0.020380633045069874,0.0,0.01175852863662407,0.01031588595330325,0.0,0.0,0.008864412072446357,0.0,0.0,0.0,0.05318647243467814,0.13845320521031634,0.009588577989433664,0.020380633045069874,0.028591968599644368,0.05254932706463399,0.0,0.0,0.0,0.0,0.0,0.02278491671810856,0.0,0.0,0.0
BDI,0.024689037557494214,0.09451221792035744,0.06369486202361717,0.02559987293385332,0.06471635966290416,0.06762609371640399,0.05575564996054101,0.0109052559138874,0.03052467889242176,0.007096690194573548,0.055746420243479464,0.013271202931898613,0.0,0.04434049041217712,0.02152554612938512,0.0,0.05195680900053989,0.03001350091123335,0.0,0.0,0.08313089440086384,0.050719570287302986,0.0374675658962454,0.019909435801242662,0.018620617655559647,0.030800636602745343,0.0,0.004805742880864923,0.0241857220430057,0.005610634221148548,0.022617258562639055,0.0044516265577489375,0.0,0.005532467989088978,0.00410592324650544
BEN,0.043131142253152815,0.07223585403045052,0.018613742141833985,0.01677088098211687,0.00494628272709781,0.09820481001812867,0.1038719689774269,0.005556604156188501,0.005832516412474358,0.03525608301005509,0.01978186174249795,0.020286407385020758,0.0017558568943709728,0.02618735222330451,0.0041130031712891145,0.024541222272819924,0.060889709802609236,0.013108212240989056,0.0,0.0025493611083379,0.14957689581945313,0.10078914712386887,0.025772873734847056,0.015216816724998425,0.007115885377154576,0.03661930317456145,0.007525748501814401,0.0018365188590884905,0.012323459869790358,0.0,0.04465656023592197,0.013609543963706528,0.0025493611083379,0.0,0.010983575201954966
BFA,0.07032239710769306,0.11142036450121344,0.013379795299305459,0.005441548661741383,0.014123041956461312,0.05634885252718121,0.05288735158296145,0.004327004446649066,0.005677326417030916,0.01900689166109482,0.010664590927108423,0.011847979336051535,0.0013673100289429505,0.005997780316429478,0.006405704819346851,0.010616993852504223,0.032984805910733245,0.0025518865056821595,0.010088902836658429,0.0,0.08555434033096436,0.06138000007425095,0.013379795299305459,0.01540440911693439,0.022164953128432557,0.03055281155070865,0.001953468120479444,0.0042903678467614715,0.01679378488600254,0.0016696471464173837,0.035896444483040066,0.003974227486285761,0.0,0.004939157870500233,0.031768515252427944
BGD,0.09580747955001337,0.11190914148516168,0.040710718374885865,0.0066228025208394615,0.007813126513446454,0.08980856640044421,0.03155302055168892,0.006582890675597746,0.011516271697522066,0.017135493592579452,0.00961456679805272,0.005340720029816557,0.0,0.009733041594909671,0.0,0.0043072452360526075,0.0062726816537686395,0.020705674595363613,0.006821670252410928,0.0,0.05645413488391775,0.08368525505495937,0.013570239458295285,0.0120182084975659,0.01573630988848045,0.01859261489099801,0.003962546447990599,0.04931627136884944,0.014599562392364509,0.013547299390399165,0.0022754615094968183,0.0,0.0,0.0,0.009914061281118791
BHR,0.028251696475165157,0.05241137137289637,0.024009542140450625,0.011717586613018608,0.0,0.048752312741534895,0.005582610232652796,0.034940914248597583,0.012225299847019916,0.01705357802894505,0.006379069822499917,0.014173837132016712,0.0,0.006457675444285192,0.0,0.0,0.0,0.0,0.0,0.0,0.011098125052445377,0.0975046254830698,0.0,0.012758139644999836,0.00596612688318751,0.03837811416530755,0.0,0.0,0.019373026332855574,0.0,0.03623334006170167,0.0,0.0,0.008863134029880827,0.01315555666004807
BHS,0.043843831331402065,0.03128355806255253,0.0,0.017485127347331732,0.020627749602763184,0.032332801205007825,0.0399861114362921,0.006951901791678339,0.02189129196078277,0.020358047670496985,0.011422712053692902,0.004230074936733183,0.013180580455399537,0.007708978392230591,0.0,0.0,0.009936455497227834,0.008199882662357891,0.010806099627121977,0.0,0.039745821988911335,0.08729856325352113,0.021496401046124203,0.011422712053692902,0.007122182529086445,0.00654494806523467,0.006277006965992136,0.0045953601833339675,0.0,0.0,0.010813567437071764,0.0,0.03189521434049061,0.010580542381432424,0.019630883997086214
BIH,0.07928637824579231,0.0,0.025267902601833,0.016442287017070092,0.0,0.15202211196927182,0.07050239482160467,0.00817159937576193,0.0,0.007976609116999739,0.0,0.0,0.010328725026049795,0.0,0.048388999039395024,0.0,0.007786524797730255,0.0,0.0,0.0,0.06229219838184202,0.10641547837849027,0.033690536802444,0.0,0.033487022143156416,0.09231895695929387,0.0,0.021606428589358614,0.0,0.01261259399904058,0.008473857808166969,0.0,0.0,0.0,0.0
BLR,0.004791826737077397,0.039509322271800484,0.0,0.014905824737544681,0.0,0.11484690637890092,0.04734388428500762,0.024693326419875303,0.02073557555286449,0.02892491473344588,0.0,0.012020264304460864,0.006242366196411861,0.0,0.0,0.009694240827535122,0.014117813881854338,0.0,0.0,0.0,0.08941282125174414,0.04593876255156036,0.025451915355493102,0.0054098339474957105,0.010119267117564142,0.03254694346188896,0.0,0.0065291330300319686,0.0,0.007622666905170686,0.0358493873939374,0.01209605370744888,0.0,0.007516469436803125,0.011156701368388616
BLZ,0.05578159854728039,0.08623641651057813,0.04867546622010355,0.022722664645411568,0.009747867478297713,0.06111686779566911,0.06298623985643223,0.02258572813372284,0.051724840826516884,0.028059549280564432,0.011245680928038643,0.002498709911442553,0.002595261117517976,0.0387064670325753,0.015198159429870262,0.0,0.02543439243113204,0.014531039086217484,0.006383174919160659,0.0,0.10565055317547156,0.06493667203289842,0.019046921564388343,0.01799308948486183,0.05258851303670716,0.034794972099945,0.0037078349094759344,0.008143452923516842,0.01593795701341336,0.006338241111888568,0.07239264317727392,0.0025144646176313503,0.03768107628926175,0.024999752025519056,0.0417455450627097
BOL,0.03447494726633145,0.06832958035112759,0.0028171477034758226,0.008249263236435425,0.0,0.0381355226949703,0.018340918378239916,0.0027331832140451034,0.0,0.024011677306922573,0.002993939958645172,0.04324008366341744,0.0,0.02727749308523368,0.0,0.0,0.028648245812968168,0.012895338467941943,0.0,0.0050159203657423115,0.10677982530288138,0.10423709536625217,0.025354329331282403,0.03892121946238723,0.0028001301398080897,0.020585494703172662,0.009871376545871492,0.0036133885926335507,0.02121582795518176,0.0,0.053851332185411015,0.0,0.0,0.004159805719212028,0.006174402829675101
BRA,0.02384845956193048,0.03686889127379776,0.0063335864111331115,0.006182071020709353,0.014586363657357212,0.09716893618826708,0.01767194597948403,0.0030724076061498127,0.006449934990860246,0.008997281950108639,0.0,0.029911848123654418,0.007766913641408517,0.0034069992007490267,0.0,0.0,0.011710499702166284,0.0036239553745597616,0.004775778439063197,0.0056384628020381645,0.02342099940433257,0.040010738430462905,0.0031667932055665557,0.006731055462384005,0.0,0.02024787486078608,0.0,0.004061858180210193,0.013627996802996105,0.0,0.028674473120183976,0.0075251115996364535,0.0,0.004676092940325523,0.006940728349216936
BRB,0.07489874570143244,0.05017604059541937,0.015913067315853333,0.015532386537114303,0.004581010104421935,0.09334607964503082,0.077701002798168,0.019298477152084367,0.04456482762405456,0.02637316911949612,0.008455852002854106,0.00939414933805523,0.01463571485283186,0.012840072931967369,0.0,0.0151526029288957,0.0257446907992567,0.004552574330054874,0.005999545822318486,0.0,0.0809118853690925,0.1436093533000474,0.007956533657926666,0.016911704005708208,0.03954235284942554,0.03633754747505336,0.0,0.01020537472031908,0.021400121553278948,0.011914625077728109,0.048029535599402484,0.014180071092955231,0.0,0.0,0.013078878648595822
BRN,0.028843435020034745,0.02229547503802023,0.010724187139486144,0.010467637485634337,0.003528285181162642,0.05253863280109528,0.03704700571132495,0.00743182501267341,0.02496272335701555,0.005803589767542661,0.013025361933594487,0.0,0.0018787332434653376,0.004944699751609122,0.0,0.0,0.007081611211290909,0.0035063840023773487,0.0023104193328628013,0.0,0.03257541157193818,0.13549436880282467,0.022980401013184597,0.006512680966797245,0.0060910888387808,0.018191621013665508,0.0,0.01179024000377882,0.006592933002145496,0.002294155335974836,0.0077067200087377235,0.012741707431063764,0.008183302658411508,0.0022621936233940074,0.005036663603680064
BTN,0.04597118431315507,0.07501818174412851,0.016278478001951962,0.011916791757221544,0.0046862035289236895,0.04407211354357316,0.007570023396040056,0.019741626774770663,0.020721893972698358,0.04239521693670766,0.02595006947763433,0.004804933276258918,0.0,0.013134918656333306,0.0,0.0,0.03009813073024362,0.02328557392898687,0.0,0.0,0.14672838730993762,0.036726761286310965,0.008139239000975981,0.012975034738817169,0.020225180608754268,0.0,0.0,0.005219860024122643,0.004378306218777769,0.0,0.07779302140196996,0.014505687104259481,0.0,0.00600920798446592,0.00891947203496342
BWA,0.07505435818346591,0.11603143441214707,0.01993266113698781,0.009727910758743895,0.0,0.0809480933736148,0.04634668890244,0.03867714480404903,0.05074706500507704,0.03775423288353884,0.010591775253127702,0.0,0.0,0.032166874889310505,0.0,0.0,0.046068176692468335,0.011405082328977377,0.0,0.0,0.082922718046443,0.035976930388273244,0.0,0.0,0.01981225377263573,0.07282608749078671,0.017461172110508967,0.0,0.0,0.0,0.020053884828686683,0.035523830369609204,0.0,0.02943260578579345,0.021843419706983197
CAF,0.04208677930009487,0.11463780647740768,0.00319350070474575,0.003117104098669993,0.10664300036938447,0.07205030964000382,0.011880656187782132,0.02168823365788794,0.013008662455552666,0.012097548690775216,0.006787822559749484,0.0,0.0,0.010307197510909484,0.009173513823207436,0.0,0.0797125150628333,0.01461807360490817,0.004816055492366547,0.0,0.13580650714408635,0.09798842111040522,0.06706351479966076,0.02036346767924845,0.05078735524629517,0.008750844661207966,0.0055950648091962615,0.0,0.02405012752545546,0.004782153286638783,0.0642584498809966,0.011382863185297607,0.0,0.004715529284999389,0.03499631872979786
CAN,0.015369860150708691,0.012672677692374693,0.04245145923337429,0.012749511711923449,0.0,0.1060915020830266,0.015185625866258209,0.0,0.0,0.006185141474117476,0.010411276839564377,0.0,0.012013493063843046,0.0,0.0,0.0,0.0030188741079869045,0.0,0.009849262963562836,0.0,0.015094370539934525,0.032416847858702566,0.006530993728211428,0.0,0.003245770954554313,0.008948128853388151,0.011442406486240777,0.01256537856018186,0.028105517433851392,0.009779929929550495,0.0,0.007759656768071819,0.005814204276448254,0.0,0.00357852963356391
CHE,0.016937453532180367,0.0,0.0035985494241937525,0.028099704234294656,0.00414376209093773,0.15913011566589674,0.0066937715748822905,0.003491295422310628,0.010993965349544258,0.010223958963900782,0.0,0.008497497062070583,0.008825843936675012,0.0,0.0,0.006853159037477519,0.009980319812052356,0.0,0.0,0.0,0.006653546541368238,0.009742660142810005,0.0035985494241937525,0.007648758281974626,0.007153623283466188,0.02958228282524145,0.006304716707135628,0.009231292646364669,0.0,0.01616609784723094,0.0,0.00855107493797367,0.0,0.0,0.0
CHL,0.05626655603668364,0.06589859391510157,0.019018447075096874,0.015911552370822184,0.003128559027878245,0.05884601804142686,0.055592104311797036,0.002635943756604063,0.0055336622118852844,0.025730450104042242,0.005774846926531675,0.02566259410119141,0.0,0.008769010583745629,0.0039022556674934983,0.0,0.015070372750112469,0.009327417226147258,0.0040973350457065285,0.0,0.05274630462539364,0.039230678694284565,0.0326030521287375,0.005774846926531675,0.010802035548553156,0.014889837779789581,0.0,0.006969667493925689,0.035076042334982516,0.008136984420691324,0.024600999634217937,0.0355085503450411,0.0,0.008023621583724444,0.008932100767708702
CHN,0.031216722242142524,0.0571970012461645,0.02947705808346828,0.0,0.008485774505237758,0.08978147600518943,0.0,0.017874062889426404,0.02626623511802637,0.024426574165435533,0.011747592514032042,0.0043503851298165,0.0,0.0,0.005292158684088054,0.0,0.020438128820293288,0.016866201253688092,0.04445377051920755,0.019681419585394818,0.2043812882029329,0.1197086346735859,0.01473852904173414,0.007831728342688027,0.014649497907148269,0.02019329101560133,0.0,0.014178179044151463,0.07135410818651616,0.016552815768697663,0.02594928661822157,0.004377814900361094,0.006560473195131606,0.010881470170153687,0.004037843636502148
CIV,0.03387525868642099,0.0302582077374305,0.01919246281169354,0.0023416663258050033,0.00276253673550163,0.07794209017418606,0.05578200880279137,0.03724087106145293,0.024431287704611,0.015904101249171732,0.025496125587347058,0.008497585266221764,0.00294197851635728,0.023229269758763826,0.010337146785510249,0.009137640231166031,0.05544679671070366,0.016472332792811416,0.0036179718779667655,0.008543026069164688,0.14859741518468586,0.1472239481067959,0.01919246281169354,0.010198450234938823,0.026230224306684646,0.1687303275195748,0.004203188100128497,0.009231388467325385,0.00774308991958794,0.0,0.05068661027840221,0.008551163698264036,0.0,0.0,0.02103226546246508
CMR,0.03953638115479422,0.061121873904275786,0.02399983333115676,0.011712848337996757,0.010363509134873768,0.08934309747952279,0.07533476247741958,0.03783735051217072,0.03055089066625443,0.03125225037614732,0.015941225748103367,0.017710132019669655,0.0073577835996534325,0.06455064135039748,0.004308806055899425,0.011426456559521993,0.0610150049900593,0.006866119710319378,0.00452420947326836,0.005341451063767567,0.17195137769925806,0.1678567285978913,0.02699981249755136,0.015941225748103367,0.05367342908593754,0.032882224366466,0.0052560119486658044,0.01154368706115118,0.009682596202559622,0.0,0.06338270448864866,0.014257437450618029,0.0,0.01328932502739,0.023012914590472902
COD,0.037739308645478836,0.12641126796615978,0.02505666789314574,0.004891449816977928,0.005770595776329876,0.0814056679459521,0.07923474311635187,0.0097239436897046,0.02041356899645761,0.03322169016446694,0.04260658915014359,0.02958399853782588,0.006145427346674478,0.03774015501531682,0.0071976714750589185,0.0,0.060227161628273636,0.02293910347421733,0.0,0.00892265965521107,0.14825147477728895,0.0361802968648676,0.03507933505040404,0.04260658915014359,0.014943184743389766,0.022886797147568114,0.0,0.0,0.00539145071647383,0.03752146556265225,0.04537629730418998,0.03572463561173063,0.0,0.0,0.005491723453150353
COG,0.023565527062556827,0.04857531659143725,0.01788127495938151,0.017453509680615775,0.01647235940485552,0.10650530574678266,0.04989225765847839,0.0,0.03277756020035632,0.02709498002023829,0.01900342802273416,0.008444851717853726,0.0,0.011542557825607164,0.0,0.013621402031121077,0.036367788586561804,0.020462637844215755,0.0,0.0,0.1289403413523555,0.07423097067200005,0.02145752995125782,0.026604799231827826,0.014218607534190178,0.02613245237430493,0.012531313003328494,0.013761151723834913,0.007695038550404775,0.0,0.02158802737844799,0.004249048828846955,0.025470031585078236,0.005280705001804776,0.0039190772486364
COK,0.038355713993385616,0.04941383618785212,0.010186369828498508,0.0,0.0,0.03677123849249148,0.037895954603718515,0.009882767237570424,0.02074698880595876,0.00964694518458821,0.010825623244905228,0.0,0.0,0.010959021196339692,0.0,0.0,0.009417056395812737,0.0,0.0,0.0,0.028251169187438207,0.055156857738737235,0.010186369828498508,0.0,0.010124836953638708,0.04652122559335339,0.0,0.0,0.010959021196339692,0.0,0.010248319878576322,0.012102711604262642,0.05441037381111585,0.0,0.0
COL,0.08752530996654348,0.14511624498913822,0.008085095918756967,0.03945839997631038,0.009310060810752013,0.09850261761863377,0.03007866718590235,0.039220606753821136,0.016467239786666872,0.034456254096507134,0.012888723429790104,0.0190918813992916,0.009914799879118604,0.013047543782507305,0.0,0.0076987199053012954,0.022423436076160787,0.0,0.006096486928588279,0.014395481368561888,0.08969374430464315,0.025537715678905056,0.01212764387813545,0.03007368800284357,0.0,0.01846234613081173,0.007082609311278501,0.0103702739217895,0.008698362521671537,0.006053571236608147,0.02033566683210805,0.014409193733142712,0.0,0.017907702284331986,0.008860138759741827
COM,0.0862312714384971,0.0865349214209172,0.014463779848959982,0.0047059232294781525,0.022206897118725408,0.09354656276470423,0.035872690911659136,0.009355126640099158,0.0073647404244711456,0.013697842677427676,0.0128095544976868,0.00853857431737998,0.005912338956316477,0.025934798594045662,0.010387009167015914,0.004590858329450046,0.04234283039856846,0.04137947232230956,0.0,0.004292117154554339,0.07354281069225048,0.06091404087003996,0.021695669773439973,0.023057198095836243,0.0215646125905922,0.05724869667992565,0.00844692529430342,0.003091972366714043,0.01815435901583197,0.0,0.03637935914390848,0.005728274127313617,0.004292117154554339,0.0035595408589388384,0.005283429235714232
CPV,0.016374181069949482,0.027724765119221437,0.011182101289409021,0.002425466038233488,0.004292096801427192,0.01906156965088343,0.04853372480096806,0.014465094844811184,0.00506111890877316,0.00941328636020562,0.003961280864645853,0.004400841452748137,0.0015236306082558693,0.0013366978195532295,0.0,0.0,0.010337586425681231,0.008530908806084715,0.0018737229597123575,0.0,0.022972414279291628,0.12894591234421146,0.011182101289409021,0.009242988684173656,0.04569316435850143,0.009078886838448541,0.0,0.004780873125794466,0.00935688473687261,0.0074421321965590205,0.02375022597517157,0.007380982262130662,0.0022121874673347213,0.001834612475396884,0.001361558354411982
CRI,0.04727376753136942,0.1044051498043749,0.021522503613443482,0.02100763094475208,0.002065279738734331,0.07607434606354932,0.06338822056206478,0.017400858300729148,0.03652979005787595,0.0033971279937417354,0.020967067697810537,0.0042352114158844935,0.002199430886670572,0.0077183392209113685,0.005152052106813678,0.0,0.018238955346799885,0.006157379688293097,0.005409610608141684,0.003193394393888707,0.06632347398836322,0.058269711878463325,0.026903129516804347,0.0057182911903119645,0.01960978477023427,0.044232044217567885,0.0,0.0046009402196518796,0.021225432857506263,0.0026857650612793077,0.02706674523554187,0.010654787501204866,0.0,0.007945042561355718,0.011792832786915895
CUB,0.03404500659241641,0.07407522865141412,0.012055397292263594,0.015689335637207046,0.009254599080955606,0.05802418937187464,0.02616204769595587,0.0038986962448112703,0.0409228535917729,0.07611331535174426,0.04270647651419287,0.023722684475855432,0.0,0.03890945155552642,0.011543273242484137,0.0,0.018574879649071285,0.013795729298950482,0.0,0.014309724861254184,0.1114492778944277,0.04714465386464815,0.004018465764087864,0.008541295302838573,0.011982574170242769,0.03670472513716983,0.0,0.04123398523670819,0.0475559963456434,0.0,0.0566006659592985,0.03342116292381759,0.0,0.01780102283662944,0.02642207189291901
DJI,0.03715309560940559,0.06892487654145016,0.010524781706075109,0.005136501167020346,0.03332829769642542,0.09023302743660497,0.004894366890052579,0.0051055464104777905,0.002679530734666127,0.022426731631809024,0.0027963181045635227,0.006213218931010307,0.009679950501117848,0.014153877650435612,0.0,0.005010908171882815,0.004864955059968447,0.021077266281492816,0.0,0.004684833070640887,0.07054184836954247,0.06173838719346655,0.002631195426518777,0.008388954313690567,0.007845903438179801,0.03364672858131478,0.0,0.0,0.002830775530087123,0.0,0.026471974656339603,0.009378591183441913,0.009369666141281771,0.0,0.002883423625051889
DMA,0.01511194536456561,0.046725086719742896,0.0029188181943956607,0.0071224817200624515,0.0016805227271521894,0.04214595061807869,0.05836586484078311,0.022654587500481403,0.01783462295949696,0.03040675683202696,0.023264931441400148,0.006892401939748895,0.0,0.025121719316455647,0.0,0.0,0.014841078622402524,0.008350455963109354,0.002200906105241926,0.005196944273495045,0.06476107035230193,0.060584804013488126,0.004378227291593491,0.010856968005986735,0.0159565255799862,0.011997237659368607,0.0,0.013103283594629131,0.00785053728639239,0.004370826034479165,0.02055598620415412,0.0017339648680933652,0.015590832820485137,0.01292979768516216,0.009595854326282616
DOM,0.03449894878775412,0.11852039598551314,0.012216139029753442,0.0,0.0,0.09922138906084654,0.03408541938137806,0.03555611879565395,0.037321651967699467,0.023138453751725047,0.038948316486655504,0.014423395829617281,0.0,0.01314275142356915,0.0,0.0,0.03388058909674431,0.04193902773514761,0.0,0.04350157464195288,0.09034823759131816,0.05512299392269252,0.024432278059506884,0.0,0.03642703474201292,0.044632957118282766,0.0,0.0156689183750196,0.0262855028471383,0.0,0.02458086689682428,0.0,0.02175078732097644,0.07215349758191161,0.040161559491512185
DZA,0.04882175121223823,0.035941301876305086,0.003704543314932464,0.007231842556675343,0.01706326004522585,0.01671604409036387,0.010336401067342968,0.0035941301876305084,0.0,0.03859203973962661,0.02362214855562685,0.004373893786661651,0.018171611557938817,0.0039855384591988285,0.00532075650675475,0.0,0.01712381049618357,0.01271800725684308,0.0,0.0,0.030822858893130425,0.08358022045181934,0.007409086629864928,0.019685123796355702,0.029457322035528095,0.013534941155752295,0.012980839430985552,0.01900639364926181,0.019927692295994143,0.01109484269890615,0.0074541461844931985,0.0,0.0,0.016410407359377918,0.008119326756687854
ECU,0.043850500956242516,0.07908991239044487,0.007763770129655998,0.011367061696425595,0.04023023071012567,0.042039035668982254,0.050545689911732326,0.02636330413014829,0.007906391319180719,0.011028953316174851,0.004125495726090953,0.013749834882868996,0.009520756205803,0.02923432292015328,0.0,0.0,0.021532261949851198,0.022211393878480132,0.005854194382803177,0.0,0.025120972274826396,0.07006505944830375,0.011645655194483998,0.02062747863045477,0.0,0.014182878011995526,0.0,0.004979064176811781,0.004176331845736182,0.0,0.023432960247481642,0.004612176487944461,0.020735043104184312,0.0,0.0
EGY,0.056763537666001375,0.07939689267819187,0.004307157747749747,0.008408239302516675,0.0,0.02720931725523355,0.06409500429608432,0.008357567650335986,0.008772561283614273,0.08973953809420056,0.009154913441894216,0.03051234483092715,0.0,0.004633862096927806,0.0,0.0,0.011945594387141906,0.009857888694214185,0.006495539736914132,0.0,0.09158289030142128,0.17491703949792994,0.0,0.07323930753515373,0.017124557880300727,0.02753914936055941,0.0,0.016573608817020687,0.03707089677542245,0.006449814947234535,0.05633358148436138,0.0,0.0,0.006359957417401906,0.03304031390850701
ERI,0.07878358498419802,0.042222852427224976,0.02678151105462516,0.006535207409919307,0.007709787831457219,0.04531741987512464,0.015567845565822216,0.01299164690068461,0.05454697987721411,0.019022461396031132,0.01067332696122173,0.003952561585899922,0.008210580469150302,0.0036016160842761357,0.0048082140999078475,0.006375414538124268,0.034043445387554334,0.030647722988238788,0.0,0.011921093679123104,0.0897509014762796,0.027190451925074785,0.01339075552731258,0.03557775653740576,0.01663733237192666,0.030577839271489382,0.005865204985556896,0.012881647067023728,0.01800808042138068,0.010026089153566129,0.02357633873969584,0.003977483024836797,0.05364492155605397,0.0,0.03301740571038552
ETH,0.021324745359661536,0.06907437775286418,0.0194171919449629,0.0031587806085007345,0.0074530238353866405,0.09637800667364388,0.033108635221765124,0.009419233329936024,0.0,0.058231656619301214,0.010317866325748814,0.01146278069690193,0.0198428456387791,0.02785335327905996,0.0,0.0061630900294346634,0.02991788613487331,0.0,0.0,0.011524077870452685,0.06881113811020861,0.029205456567770863,0.01618099328746908,0.024075021426747226,0.0032166497298222628,0.035471383115655584,0.017009616935926182,0.012452641334414,0.00696333831976499,0.0,0.026047040970240968,0.0,0.0,0.0,0.017732114403841082
EU28,0.009895105722640888,0.0,0.01051162352501575,0.010260158929919877,0.04841691686580464,0.14229507987977685,0.019552991626168647,0.010198326816690195,0.010704723040578077,0.0,0.0,0.02482180442510552,0.02578092942926761,0.0,0.0,0.0,0.029153237084427457,0.0,0.031704744662251136,0.0,0.0,0.05691803195191074,0.06306974115009452,0.0,0.0417925035515838,0.057607993928302924,0.0,0.053930548956999516,0.0,0.015740780928390534,0.0,0.0,0.0,0.0,0.0
FJI,0.03471976834884348,0.035783705050377285,0.01676499767518845,0.01636393656962833,0.0077220183615146236,0.04236335581307892,0.04677762550793104,0.0065061281909776884,0.027316755621886096,0.0254035172592796,0.0,0.0,0.0,0.02525130690925257,0.009631683355562377,0.0,0.009299304732166223,0.0038370426791800322,0.010113185071557005,0.0,0.04649652366083112,0.13314197541253373,0.013411998140150759,0.024943937067330703,0.0033327450474952077,0.04287688559794732,0.011749018671492292,0.0,0.0072146591169293065,0.0,0.020240348053129176,0.0,0.011940004873276172,0.0,0.0
FSM,0.017157069833496973,0.06188988132026554,0.00911302334392805,0.03558006719637785,0.0,0.11513817595783787,0.04237853189587036,0.017682823234361586,0.027841291326762843,0.0,0.009684918082140092,0.05379798910845795,0.011175353224835231,0.009804259777554824,0.0,0.017355048083625136,0.0,0.08342872497683852,0.013743170954171888,0.0,0.03369909249751955,0.07401739883003865,0.0,0.0,0.0,0.008323848867813266,0.0,0.0,0.019608519555109647,0.013646427091943004,0.0,0.05413719275433557,0.0,0.0,0.0
GAB,0.0037978561390516327,0.01957117952777401,0.008068965618939548,0.007875935572973728,0.004645743312575571,0.1456386642921816,0.02626632597772566,0.007828471811109603,0.012325789917580557,0.019104173108966782,0.004287669858713979,0.009526895918103087,0.0,0.0,0.011589283123427498,0.0,0.01864891653473086,0.0,0.0,0.0,0.13054241574311598,0.06553739893148172,0.008068965618939548,0.017150679434855917,0.02807078176830007,0.05527653759637216,0.0,0.02587396135269653,0.0043405043572588035,0.0,0.0446492108370406,0.004793482146972604,0.021550142150113614,0.0,0.0
GEO,0.04365976978164937,0.05999687973094659,0.01932500251460481,0.011317619774856777,0.013351748727792516,0.055808244805286115,0.02156821606735709,0.02249882989910497,0.007872001853377233,0.014641309364508056,0.004107551560609205,0.0,0.0,0.008316333129172841,0.0055512177416400365,0.0,0.01429240379787635,0.01769182695051381,0.005828731107661967,0.0,0.04645031234309814,0.02092809180198229,0.0077300010058419235,0.0,0.003841653167581347,0.05648475391082524,0.0,0.0,0.016632666258345682,0.0,0.02721954288541835,0.009184230933048208,0.0,0.0,0.012706506307330195
GHA,0.0966748658590832,0.0803526824454641,0.043066997595034025,0.016167971612492588,0.015259087949758606,0.050825187761357686,0.03389279223465552,0.019284643786911387,0.10458480111421448,0.012549649778886505,0.003520746147152819,0.0,0.0040625621689013,0.003564130284299103,0.0,0.01261811781077515,0.02450117782451517,0.02653764746291729,0.019984150934964324,0.0,0.058190297333223534,0.095670941668438,0.0,0.010562238441458456,0.04280684248401612,0.08170087570402268,0.0,0.008498382827581783,0.04276956341158924,0.004960868558605656,0.06665987151228096,0.0039360851829813,0.0,0.0048917547315970545,0.025412923591777173
GIN,0.03540187228163647,0.05052006147338799,0.008678676352409338,0.005647373656736416,0.006662382686173396,0.054825217012673684,0.056502147336580585,0.025260030736693997,0.01178413927404769,0.035616067154076114,0.036893253254089084,0.010246771422874465,0.0070951406649489126,0.006224644611935998,0.008309998425621034,0.0,0.013372049452297688,0.06621027175818123,0.004362713604684625,0.005150782995868075,0.08825552638516472,0.10442898478604508,0.031821813292167565,0.043042128796437255,0.0057508340079903755,0.013211859482808792,0.0,0.0037105414686236134,0.003112322305967999,0.004332002659930818,0.03783631419352861,0.020622757423569168,0.0,0.0,0.003170206740316109
GMB,0.04366055496777522,0.03807562765364796,0.024974298538245586,0.012188425106543251,0.010270760652569828,0.04346681852149477,0.07300142876912767,0.024229944870503246,0.061766048411930285,0.016894122319356348,0.01895827122298541,0.010530980852075395,0.0065627414393867965,0.0057575649404693315,0.02049717258779858,0.003397258560855209,0.029684757119584605,0.012248408162704292,0.002690231968957164,0.0,0.12698479434488968,0.09820281221522892,0.014271027736140338,0.017062444100686868,0.03723515417982418,0.02118216365402187,0.006250767767084273,0.004576150618878,0.032626201329326206,0.0026712943138965948,0.03409982081778618,0.006358428072078893,0.0,0.07375419454544349,0.003909764561141024
GNB,0.06450318272689655,0.1373915634303457,0.031976968169716784,0.0044588568989841395,0.005260252430522544,0.016490281237606434,0.02549200032970697,0.017727943668431702,0.037216443532473616,0.008652460221600438,0.01941926127044203,0.021574105169729768,0.0,0.034402468972428914,0.013122239137277288,0.0,0.012669405336651516,0.015682801154502754,0.006889119380771277,0.0,0.11402464802986365,0.0989416874256386,0.03654510647967631,0.0048548153176105075,0.0,0.025035265332469445,0.0,0.005859280590227586,0.0049146384246327,0.01368124804251939,0.022979600897204574,0.010855066420060159,0.0,0.0067453218176937325,0.005006043182003055
GNQ,0.0355345528220695,0.04185537989296415,0.016177947759454463,0.021054573828285985,0.006209684211837479,0.16059977792319682,0.09027928263880612,0.010463844973241038,0.021966850914166603,0.020428314550025004,0.05157962167139228,0.019101038689651455,0.013226073926775531,0.02320675901806473,0.0,0.0,0.0249268792488219,0.03702683246204147,0.008132548089139777,0.0,0.05483913434740817,0.034066619559465994,0.032355895518908925,0.017193207223797424,0.032160443036477776,0.024628268625179903,0.0,0.0,0.005801689754516184,0.0,0.005425445518838816,0.0064071577797264285,0.0,0.0398139813139488,0.011819184619614537
GRD,0.008838995439865202,0.039476032151579014,0.009389711945229915,0.02444023015980472,0.003604112640672921,0.05366775668051415,0.0407542092237868,0.01214647143125508,0.025499204904688138,0.020749107736398462,0.009978970487882691,0.011086279534170473,0.003838219352209292,0.013469247496775355,0.004495414295535614,0.0,0.014467608581761137,0.014326963107735218,0.00472014652743121,0.0,0.046296347461635634,0.07344008808912462,0.009389711945229915,0.0,0.02177698004339656,0.031447447685265514,0.0,0.0,0.01010193562258152,0.0,0.03148938997325135,0.007437453357347069,0.0055727816846359145,0.0,0.0
GTM,0.04961469302788988,0.07437827343826987,0.03354015173357737,0.02806095990523561,0.0055173981391935046,0.1081025200511494,0.062389059542168224,0.01859456835956747,0.06343310532794001,0.02268858222900995,0.01527642409939525,0.011314374099952416,0.0,0.03608422234468432,0.034409288695900916,0.0,0.026577490092879585,0.0,0.0,0.008531158252368344,0.07530288859649216,0.03891690721841379,0.03354015173357737,0.0305528481987905,0.014287519502750624,0.10503642415188127,0.0,0.012291419186635082,0.0051548889063834724,0.0,0.019282360898722286,0.011385712769094676,0.025593474757105033,0.007075064654550756,0.026253809776161482
GUY,0.003820314597816216,0.013780838998702864,0.00608751082479315,0.0019806273947230797,0.0,0.031131227105912075,0.0132108253827595,0.005906073856586942,0.008265785297054006,0.015373715851305243,0.0021565124049106213,0.002395808201735451,0.002488383242296843,0.0,0.0,0.0,0.009379598049872302,0.0046442075919622215,0.0,0.010838788993946972,0.02626287453964244,0.03296247575920102,0.010145851374655249,0.0021565124049106213,0.002016912651980111,0.01482757680574949,0.003555139092426696,0.013013482954586354,0.004366171742898462,0.0030386100385043787,0.014290577007314648,0.002410914098634568,0.0,0.0059925534642707575,0.0
HND,0.024154412832876487,0.07966268675918664,0.02052748914737161,0.03506373454302954,0.011818794370188743,0.04631318687364102,0.03818380885213669,0.01991567168979666,0.010452290529533396,0.029160667526703123,0.010907853701306366,0.006059117791627845,0.0062932446616001106,0.04416905972612585,0.0,0.019546507659617608,0.018977175011299037,0.023490862772811098,0.007739275484249859,0.027411835048127924,0.07116440629237138,0.004631318687364103,0.005131872286842903,0.02181570740261273,0.0051008721503331,0.014062378986353057,0.0,0.006582348791031198,0.011042264931531464,0.0,0.0206523303814974,0.0,0.06396094844563181,0.0,0.016871451253861802
HTI,0.061405685189528575,0.0886023220899815,0.017395089736967878,0.021223694046496155,0.015022951943335562,0.08634122171270155,0.0485357057100571,0.025314949168566147,0.017714639176060504,0.0,0.032351780782055764,0.0051345245858147506,0.010665849567797236,0.009357266639108556,0.006246049042703793,0.0,0.024122019495839742,0.024882832905076008,0.006558298025693007,0.007742972152997112,0.14071178039239854,0.07456741875187861,0.013046317302725909,0.01848673187546044,0.021612513872210675,0.023833050659698842,0.007619119536711413,0.0,0.009357266639108556,0.0,0.02187610097395025,0.0051668984623893105,0.03097188861198845,0.032107028717719865,0.019062594971834525
IDN,0.07544577463629501,0.05183846696512391,0.010275185683467952,0.016047003646342727,0.0,0.02781888761767504,0.05733955915031948,0.023925446291595653,0.02929903707802768,0.013623480848062709,0.017472020490670037,0.0072790463488266,0.005040207848914779,0.013265488639897516,0.0059032119681852934,0.015654637094599844,0.015198663262816684,0.009406819319114045,0.009297483048445129,0.0036589855099113775,0.07029381759052716,0.0704745152981101,0.026715482777016682,0.028392033297338814,0.05515082800950863,0.046926848253325985,0.007200916503959985,0.044809866215423065,0.017687318186530018,0.0,0.03514809799704631,0.004883294484727797,0.01463594203964551,0.0030344717899824084,0.01351220643798653
IND,0.020896911501674158,0.031229037005189208,0.017759120332676594,0.0043335693253093435,0.010224893551300093,0.01803029361010861,0.015484819480128769,0.00753804341504567,0.031649374834255624,0.021023345811641583,0.0247716098295212,0.0026209879152501838,0.004083395992538179,0.0035824080259495242,0.007970951733396403,0.0021138044399793355,0.017444001696538113,0.0177824927219553,0.0016738862169868164,0.005928758184503996,0.06977600678615245,0.10918344463899103,0.0066596701247537225,0.02595121029759364,0.02427128370058344,0.009124428666948904,0.0019446416018473879,0.005694643091141963,0.026270992190296508,0.0,0.03350085991052943,0.0013187568004505153,0.0019762527281679985,0.004916840859788056,0.01581248645450949
IRN,0.11274279629765255,0.06455424165684998,0.019961212190096944,0.006494563185754939,0.0,0.06004743809613184,0.03713045980692655,0.006455424165684997,0.0,0.05671246667592776,0.0212138933025026,0.0,0.00815951664635545,0.05010903322291352,0.0,0.0,0.006151221815287118,0.02284283737626875,0.0,0.0,0.12302443630574235,0.09007115714419775,0.0,0.014142595535001731,0.013227088238133572,0.0303876674106964,0.0,0.0,0.05010903322291352,0.01992746838149747,0.013388406346418335,0.0,0.0,0.0,0.01458313845575254
ISL,0.0298704307708066,0.0,0.0,0.0044246313798836905,0.005219875519104946,0.06545481721437972,0.008432109181804304,0.0043979666556480095,0.0,0.01717209046040967,0.0,0.0,0.01111786962896443,0.0,0.0,0.0,0.008381437916638194,0.0,0.006836239530106957,0.0,0.0,0.01636370430359493,0.004533073963082512,0.0,0.009011381983518764,0.004140516396291157,0.0,0.0,0.0,0.0,0.0,0.0,0.0,0.0,0.0
ISR,0.024890197011021225,0.025652920824220708,0.0,0.017205635748170474,0.020298024653722192,0.08749393529151109,0.016394563378830253,0.025652920824220708,0.017951141564107584,0.008346930742064678,0.0,0.0,0.01080824585757004,0.0,0.01265887602536754,0.0,0.016296043156862068,0.0,0.0,0.0,0.032592086313724136,0.11930991176115148,0.0,0.03746708444421065,0.017520844414402437,0.048302475940347686,0.0,0.033914291218254615,0.0,0.0,0.008867264674174957,0.010471760087675357,0.0,0.0,0.009658546739723843
JAM,0.02802172508258724,0.060969754465022924,0.023152599431159833,0.022598730751643464,0.0,0.05969810426915996,0.03691444849931985,0.016044672227637613,0.0505241032850496,0.015661815133749566,0.010545239351428851,0.0039051280004830744,0.008112047590777282,0.007116788195215266,0.004750512068135826,0.0,0.018346308832885783,0.0,0.0049879970049033565,0.0,0.05809664463747164,0.08357734597682398,0.01653757102225702,0.003515079783809617,0.006575068960921621,0.024168706543997182,0.0,0.008484705350445397,0.003558394097607633,0.0,0.006655258770464117,0.003929750364205854,0.005889015985076183,0.01465164551408838,0.01812287392489093
JOR,0.03131184392835646,0.06693316985730269,0.022175159078616374,0.016834745854960916,0.005674421225440281,0.056701329431278,0.07676839520572823,0.008366646232162836,0.04140128454430676,0.02916786348552785,0.005237061804105296,0.002909094238155089,0.0,0.011928589009936959,0.005308284626262169,0.0,0.031889521433861485,0.01268819618272049,0.001857884472046013,0.004386975911793188,0.05808448546881916,0.1634332436548601,0.004927813128581417,0.01832971631436853,0.011020602720698916,0.02475589450471169,0.002158402046150191,0.0015801535471033886,0.003976196336645654,0.0,0.03470447692914373,0.017564618840383642,0.0,0.007276418346893761,0.04860177007920932
JPN,0.0033853367517925285,0.0,0.01438504506680316,0.017551148051513664,0.00828225451392888,0.11034660581124624,0.05351612242654767,0.0034890754628661377,0.0036623249253528367,0.0034058193344069948,0.015287789553695018,0.0,0.004410115987572085,0.0,0.0,0.0,0.006649315847113758,0.0,0.016270352281188866,0.0,0.013298631694227516,0.20122028118521368,0.010788783800102371,0.0,0.032170835756960704,0.1051145698403449,0.0,0.046127114390181086,0.034821387502718286,0.0,0.0,0.0,0.0,0.0,0.0
KAZ,0.0,0.0,0.020353479634997496,0.009933286486858315,0.011718607609380262,0.14694590249741218,0.0,0.009873424247004776,0.010363687487769295,0.048189125679770135,0.0,0.0,0.0,0.0,0.0,0.0,0.009408153679908654,0.0,0.0,0.0,0.03763261471963462,0.055104713436529576,0.010176739817498748,0.0,0.02023053022942635,0.07436359242016746,0.03565962502567655,0.0,0.0,0.0,0.02047726260222477,0.0,0.0,0.0,0.0
KEN,0.07344074077729562,0.12110596039704286,0.02600549672696074,0.015230027721320729,0.011978225533731962,0.07040690194563656,0.08707251219069354,0.015138245049630353,0.01059328806182134,0.01970268942885673,0.022109993224480484,0.0,0.012756276407641223,0.005595610500116982,0.0,0.02971527422470672,0.03846634016271697,0.0,0.007843675447290739,0.0,0.09616585040679244,0.075100695408679,0.015603298036176444,0.016582494918360363,0.015509043085529153,0.0,0.0091124100499781,0.0,0.027978052500584903,0.0,0.015698192008317124,0.0,0.0,0.01535990660089142,0.01709904088947224
KGZ,0.06783756950560724,0.08262841713304574,0.019653875860433104,0.0,0.030175486890325,0.153719558480831,0.012186258041118682,0.0,0.0,0.05583928316440688,0.0,0.007735003409035583,0.016067774413837204,0.007048217234436957,0.009409480825506827,0.0,0.0121130268839704,0.007497044531794158,0.0,0.0,0.030282567209926007,0.017736872132403575,0.006551291953477701,0.041774539693607116,0.006511717518744777,0.07180751597131,0.0,0.0,0.0,0.039241303188687265,0.013182269383023014,0.0,0.0,0.0,0.0
KHM,0.03692335995277295,0.049946954541176335,0.07844776397166311,0.028714160714468456,0.008468747546210216,0.035398055032990886,0.038760817909167584,0.023784264067226828,0.014979160648997503,0.018573380203880226,0.01042135166232787,0.011577749206969806,0.006012559162555296,0.010549768006725128,0.0070420530803031785,0.004668678084371089,0.02946250537635368,0.030859324318242717,0.011091143176499684,0.0,0.08158847642682558,0.04424756879123862,0.03677238936171709,0.005210675831163935,0.0024366838756202515,0.011195984764641316,0.004295054668628639,0.009433153404031178,0.01582465201008769,0.0036710226780780103,0.022197615945030905,0.014563435615025122,0.0,0.0,0.021491955109892862
KIR,0.015175139441882559,0.0860208771086511,0.0092117894138139,0.017982840270060457,0.002651864630928041,0.02182238108005911,0.020347967514199844,0.0167573137224645,0.01289888992446875,0.014176458067271438,0.02080349987082857,0.0027190523268217424,0.0014120588284342512,0.013626961426894455,0.00496151120687784,0.008771570212178283,0.0063870600034720395,0.01976552753161884,0.0,0.0020501943361307287,0.032999810017938884,0.02597902509530846,0.0011514736767267374,0.03304085273602185,0.002289035923405814,0.006310546455512934,0.002017400477725125,0.0,0.004955258700688893,0.001724290719414515,0.010426288945505416,0.008208588965816792,0.006150583008392186,0.01190187772562336,0.011356692599389435
KNA,0.009745027909532349,0.005021825043858852,0.0,0.0050522722005653204,0.005960322953791154,0.032698611973099485,0.004814108470713025,0.010043650087717704,0.0052711829321620465,0.019607978113874262,0.0,0.0,0.0063474783358566465,0.011137424524325493,0.0,0.0,0.01914071575748233,0.0,0.0,0.0,0.014355536818111744,0.014013690845614069,0.010352195064615877,0.0,0.0,0.018911420264362547,0.0,0.0,0.0,0.0,0.005207576803798456,0.0,0.018432042448707005,0.0,0.005672281792453542
KOR,0.12669485457187202,0.03627145381918463,0.014954290997158028,0.007298273285281182,0.01722000084652399,0.09446973431175963,0.03477116616986645,0.014508581527673854,0.0,0.028324757092631325,0.015892758947057963,0.008828143568027386,0.009169266763239729,0.008044298153969714,0.010739264514239205,0.014239645259173228,0.013824886004594413,0.0,0.01127613580674698,0.0,0.0069124430022972074,0.07422621981638255,0.007477145498579014,0.007946379473528982,0.014863956507831837,0.0273185425929107,0.0,0.019180983813302983,0.0,0.011196758424874931,0.0,0.017767612430335526,0.0,0.0,0.008193909795243884
KWT,0.009037971384986871,0.009314926846419843,0.00960108515177055,0.012495203913702709,0.0036852453580593866,0.05487587955835873,0.02381236189036369,0.009314926846419843,0.003259152663846194,0.01818530913978151,0.04421563718604127,0.003778614808944336,0.003924622080707789,0.0034431139341955077,0.004596611237456572,0.0,0.002958658215421406,0.014649479511831062,0.0,0.0,0.047338531446742486,0.06931690049476892,0.0,0.01360481144185885,0.003181029270038695,0.0058464301585556605,0.0,0.0,0.01377245573678203,0.004792427407912928,0.022538776630401217,0.0,0.01709469421378719,0.0,0.007014301173713431
LAO,0.0480446099475552,0.07171408324234896,0.040478449564755103,0.022331797218805325,0.0466112994526808,0.03970679820116058,0.03437389520654463,0.0256121725865532,0.026883940761521775,0.03333468842766936,0.011222271019455,0.004155847328505193,0.0021582155120567405,0.005680278317054653,0.0025277536210018946,0.0,0.03742136293735451,0.01611198901489606,0.0,0.0,0.1220261834913734,0.07782532447427475,0.04575824733407098,0.007481514012969998,0.0017493013527727756,0.009645150028872791,0.00616686063977224,0.006772084050658585,0.017040834951163958,0.007906308653009125,0.044265897587612166,0.010455126279315923,0.0,0.005197439696419432,0.04435874150743295
LBN,0.07360921950838828,0.08461850523724111,0.024060143395226743,0.0029355704963677162,0.017315919963709382,0.03257004037668428,0.050349382648947456,0.01750727694563609,0.0030627663123298323,0.01708951925771314,0.012785028032577968,0.0035509272923864147,0.0,0.00647128530316989,0.008639267626294366,0.0,0.02224302976024868,0.020650121505378958,0.0,0.0,0.04726643824052845,0.037998380439465,0.021052625470823403,0.019177542048866947,0.005978700780043885,0.016482427658864464,0.0,0.0,0.009706927954754837,0.013510952139860777,0.018154851776698518,0.010719949117261596,0.0,0.004440906753710469,0.009887461967199952
LBR,0.07745267112192826,0.07650000804502698,0.017141330241544604,0.0033462532620188363,0.003947679249066922,0.03712654967387742,0.051016178176729085,0.023282611144138644,0.041894923427454905,0.02272704274646108,0.0036434095018286795,0.012143093190957749,0.0042041024797867255,0.02212983089520154,0.009847890729148418,0.0,0.038032204124126834,0.007846349518087445,0.01034020096298456,0.012208028332826965,0.0443709048114813,0.09591025332418332,0.013713064193235685,0.03279068551645812,0.054520910365084635,0.00939414968703854,0.0,0.0,0.018441525746001285,0.005133706006712124,0.010347346802676837,0.004073219015599389,0.0,0.0,0.02254141190052729
LCA,0.1005132296568358,0.09208294319537558,0.007909314025586884,0.02316030974740722,0.0,0.12134351376248485,0.06252751440419656,0.007673578599614631,0.052354957656344736,0.022471416256377448,0.02101417266608054,0.004669198944688409,0.004849618763512232,0.021273118273305924,0.0,0.02259401518717894,0.007311972516721711,0.0,0.005963940323728868,0.0,0.05849578013377369,0.1106367331363832,0.015818628051173768,0.008405669066432213,0.01965384044376461,0.039734084575246784,0.006928622953437988,0.0,0.004254623654661185,0.0,0.02785095527814289,0.01879455551896796,0.0070412512008234925,0.01751836246183671,0.02166876573427406
LIE,0.004918864562937246,0.0,0.0,0.010200665578541712,0.01805106458384994,0.08488199061474876,0.0145797104606934,0.010139191997734769,0.03192795567603353,0.009897251151106626,0.0055532559826947155,0.006169468907009549,0.006407859790676673,0.0,0.0,0.0,0.004830698758524773,0.0,0.0,0.0,0.004830698758524773,0.0235783307263191,0.005225336030299428,0.0333195358961683,0.005193771306706409,0.052501125404891394,0.0,0.0,0.0,0.0,0.0,0.0,0.0,0.0,0.005726240326639113
LKA,0.022610388439644077,0.0608473771977623,0.006671982248762197,0.0052098972598851176,0.0015365695370447524,0.03010604545798575,0.09432175883624618,0.019419375701413503,0.006794547191942511,0.010109862195858159,0.02410833780323308,0.006302000375581479,0.004909134248367404,0.008613674482686429,0.005749695432625952,0.0,0.016037030741310004,0.03054063130723858,0.0,0.0023758876114409393,0.051811945471924616,0.0602120909159715,0.009340775148267078,0.011345100142697918,0.049074422819009665,0.020720274412889827,0.0,0.0171155133386763,0.025841023448059285,0.005994633123186486,0.017452653359130963,0.0,0.019007100891527514,0.00394074473023034,0.02778393956710071
LSO,0.05981481351848299,0.119043933557375,0.00876435793960837,0.010693365440301032,0.005046118574527446,0.08898185495396586,0.07743853560982998,0.006377353583430804,0.060246180145615974,0.018675532559811258,0.011642964892685369,0.005173967136733374,0.002686945705819811,0.016501008267594926,0.009441045205233829,0.0,0.04051220129445609,0.007522193587817558,0.0,0.003901226178849007,0.1012805032361402,0.13050672059914992,0.030675252788629294,0.002328592978537073,0.050090636375503234,0.028018820819179245,0.0,0.005620761552840243,0.02357286895370704,0.03281078274375528,0.017635319590332668,0.005206589703961542,0.0,0.0032353669491150573,0.012005644129840128
MAR,0.0398365898316512,0.048952963314741416,0.037435703728651314,0.0015887020480141207,0.0,0.03525317475043825,0.0529833763722161,0.009474767093175756,0.0066301567194624895,0.018497361434787182,0.01383826431312538,0.003843454257864897,0.0039919669533135405,0.026266472463744247,0.00935097432558247,0.0,0.02558013419469054,0.01117564383751952,0.004909221496540354,0.005796010671014009,0.07523568880791336,0.058755291250730424,0.03255278585100114,0.00691913215656269,0.01941368640706536,0.02973376226788285,0.0,0.022964442261592243,0.003502196328499233,0.0,0.03602583695195866,0.0019338438801218226,0.014490026677535022,0.0024033753109963816,0.019620325028278145
MCO,0.003377256364718003,0.0034807474641058195,0.017938387142317613,0.010505553357496266,0.004131242889879415,0.13598515644546047,0.013347096487844656,0.0034807474641058195,0.02192150040718537,0.006795380115798053,0.007625649729727406,0.0,0.004399589577103682,0.007719616241335055,0.0,0.0,0.0,0.0,0.0,0.0,0.016583611847325513,0.03237741820130012,0.0035876774284635225,0.003812824864863703,0.021396031923257182,0.042600867622226514,0.0,0.0046017014578484,0.0,0.0,0.0,0.012787860438074316,0.0,0.0,0.00393159464783043
MDA,0.023319483173738068,0.1695737496285544,0.053673557620044124,0.04567294146278781,0.01584758597139681,0.0621004298408545,0.07423986771337952,0.03872156487581164,0.019621375464121262,0.04431441938631081,0.01170089901764563,0.014624190656918569,0.005063091853022011,0.019248259047607696,0.019766714203539815,0.0,0.025446115996770814,0.020473979509933828,0.006226464210376881,0.0,0.05852606679257288,0.050922352469500685,0.022019921074889898,0.008775674263234225,0.006839657870299046,0.030169542234962838,0.009644814335276962,0.005295684234393911,0.013325717802189944,0.022669656366768844,0.006923074616984886,0.004905466056693703,0.0,0.0060964983423820816,0.03016345726793852
MDG,0.07064565941440774,0.057481967913444725,0.007899711616671712,0.007710730554104827,0.009096589116276692,0.08198566135055654,0.03673623649152182,0.0038321311942296475,0.020112075160335717,0.01870344544306613,0.008395464051013634,0.013990590723006235,0.004843731018721814,0.00849891654334695,0.0,0.015044389746401604,0.05842476254630157,0.009040123718968224,0.005956699721882885,0.0,0.02190928595486309,0.03208134574586995,0.003949855808335856,0.008395464051013634,0.023555975321786382,0.03968584487623783,0.0,0.0,0.012748374815020424,0.0,0.03179101994496915,0.009385868868214256,0.007032702675238842,0.0,0.017313966782577572
MDV,0.01887848284206184,0.05837095930751955,0.004010942579525291,0.003914990698323226,0.004618636525657461,0.032577502041725416,0.018652191662843952,0.011674191861503909,0.0,0.011395622931819704,0.004262652343665149,0.014206963182096431,0.004918642079479874,0.004315178565708749,0.0057608312318027065,0.015277059807972868,0.011124062774380095,0.013769901576684227,0.0,0.0,0.037080209247933656,0.08687333877793445,0.0,0.017050609374660596,0.011960140952614514,0.014654403303681125,0.0070272361753543145,0.01028919722219972,0.021575892828543747,0.006006243308696371,0.028247350413494042,0.0,0.007141467430210148,0.005922565530076597,0.021977171433121702
MEX,0.06737392082921795,0.1021154359475897,0.004210098531132535,0.012328147009044627,0.0,0.07218960865501133,0.019578331817314585,0.02042308718951794,0.004287438438226488,0.027910053635148948,0.0,0.0,0.015488604523804296,0.04982384873117952,0.012093749350052035,0.0,0.02335281516405386,0.0,0.0,0.0,0.02335281516405386,0.026596171609741016,0.00842019706226507,0.03579445183265086,0.02510799935844504,0.038455101637701376,0.0,0.021600176643188397,0.022647203968717958,0.0063044722356907935,0.01694281169594268,0.0,0.014992127631813188,0.0,0.013841044393108872
MHL,0.019437443221718198,0.03720428277747852,0.023598285127747042,0.02303375452022635,0.006793409496203217,0.06655172127802292,0.013717465670166495,0.01717120743575932,0.030039734814031275,0.0055871563400524795,0.006269803382361977,0.003482763728260137,0.0,0.0063470625764224745,0.0,0.0,0.0027270065984490604,0.013502481322236005,0.008897027213038164,0.0,0.0490861187720831,0.09317240978923212,0.0,0.0,0.014659834251959332,0.013471692621212459,0.0051680720815023605,0.0,0.009520593864633713,0.0,0.014838626189135362,0.0,0.0,0.004355659152912107,0.006465108232010193
MKD,0.13973839679166844,0.011521638104874542,0.023751174938169525,0.0057957467050168176,0.00683742299482713,0.1821934881875616,0.044180285145533627,0.0403257333670609,0.02418748626188482,0.01687006410691995,0.012620849028331358,0.0,0.050970855553394916,0.0,0.017056652851910263,0.0,0.005489348944356101,0.006794980954076036,0.008954669740728689,0.010572218305742743,0.043914791554848814,0.17147622417652855,0.005937793734542381,0.012620849028331358,0.005901925262754846,0.04338871594135535,0.0,0.0,0.012776368518309487,0.0,0.023895621537065828,0.02116457766938065,0.0,0.0,0.0
MLI,0.11816143931885767,0.05219242475226737,0.017931932355664648,0.013127216417985449,0.005162195426099429,0.13553165268164696,0.09589773661282004,0.013048106188066842,0.05021869502181193,0.016982337319509974,0.01667510640477551,0.013232462284407873,0.01374377021457474,0.002411512026434365,0.0032194064709507963,0.0,0.07667160604715546,0.02052060820464181,0.003380349234850089,0.0,0.08496042832252362,0.13553165268164696,0.047071322433619715,0.0262037386360758,0.002227951350941981,0.03685286986625312,0.00392712938558968,0.002875028514563259,0.012057560132171824,0.0,0.03833710012215228,0.0026631789521398283,0.0,0.0,0.0
MMR,0.03946224183697165,0.06827002579177513,0.03144071230291996,0.008768163148976348,0.0034480251000451995,0.031076331421269174,0.04873652350314507,0.030503628545261226,0.05488848197702978,0.017014715785183702,0.014320199232898656,0.0035353843336779545,0.0018359965385856953,0.008053699356447416,0.0043007261069439705,0.0,0.02076156428821872,0.02227304378581034,0.0,0.0,0.09135088286816236,0.06080151799813535,0.02545200519760187,0.007955666240499253,0.004464398310583989,0.015042758060262597,0.0,0.015362720181324412,0.027382577811921216,0.008967875073224387,0.0225942314734252,0.0017788377066206274,0.0,0.006632202325596403,0.006562788676566231
MNE,0.0,0.0,0.007577835131410269,0.007396554167676313,0.017451890885700018,0.08890318725778652,0.021143643488991323,0.022055938090591747,0.0,0.0143530936656238,0.0,0.0,0.018585486084483814,0.0,0.0,0.0,0.0210165845120843,0.0,0.011427983858166136,0.02698461107806415,0.0420331690241686,0.04103224027282455,0.030311340525641075,0.01610677592230059,0.007532059650183903,0.05537284565047677,0.0,0.03887856215265089,0.0,0.0,0.0,0.02701031517337717,0.0,0.0,0.0
MNG,0.04482245148113606,0.11933958964179606,0.01983963708273552,0.0038730045667325842,0.0,0.06445625234020702,0.0590469027847907,0.0076993283639868425,0.060612279261384926,0.018789018525894683,0.016867750925159873,0.009369734187317064,0.009731784672749086,0.01280670191508848,0.011398098942356924,0.0,0.029346035445582064,0.03632593845858356,0.0059839531581675045,0.0,0.08436985190604844,0.06803715524799632,0.027775491915829727,0.012650813193869905,0.019719791649433032,0.02537017499144038,0.0069518729151291205,0.03053655364749093,0.0469579070219911,0.005941829637922556,0.027944413047115143,0.02357202909262287,0.0,0.0,0.008696591321231061
MOZ,0.027479183035061583,0.12272538439139173,0.024326068777167503,0.014246476647489688,0.005602337483134889,0.017562678199399873,0.013574898814600934,0.023601035459883027,0.00990917638197061,0.02764544260625364,0.0,0.0057442784188526455,0.0,0.020936989945662857,0.02096340807378097,0.009265423282265815,0.02698664573384404,0.044540496061171726,0.0,0.0,0.04497774288974007,0.05268803459819964,0.004865213755433501,0.020682135837990515,0.02417912212481756,0.039995040321207986,0.0,0.006240321678170087,0.020936989945662857,0.0218564516827926,0.014684407011368531,0.005780496876361953,0.0,0.007183983992060855,0.0
MRT,0.07106490668545028,0.08095233320229515,0.01986648130735157,0.007756489950638869,0.009150572902321113,0.04302897702273558,0.03325882320154242,0.026984111067431718,0.0040462860885364755,0.02634021768040237,0.04644907852393297,0.00938241200234302,0.004872476181950469,0.012824030154580248,0.005706760628568303,0.0,0.022039306800067257,0.027281317231885663,0.005992049807415668,0.0070744383095168355,0.0771375738002354,0.03585748085227965,0.011919888784410942,0.021113217510878624,0.01974647371595529,0.043550575486537416,0.006961279218140497,0.0,0.004274676718193416,0.023799477166036958,0.043972065534647393,0.0,0.035372191547584184,0.0,0.017416716666784
MUS,0.04510465599884796,0.08716279208962892,0.0119787290902915,0.01753825143457006,0.01379361449595318,0.05405172691940502,0.0445639988984026,0.005810852805975261,0.030496948683646392,0.0283609727657286,0.006365231690365438,0.007071544895822649,0.0,0.012887333585557208,0.0,0.022812563020728448,0.016611074792981264,0.013707993180878036,0.00903244266411745,0.010664039930453482,0.0996664487578876,0.06486207230328603,0.0119787290902915,0.012730463380730877,0.023812738196819956,0.010941388693193712,0.0,0.0230466100494321,0.012887333585557208,0.0,0.054232108479606016,0.0,0.042656159721813934,0.03537562884417198,0.03938105483416058
MWI,0.07216602682201924,0.07723812067765405,0.011794208423876143,0.002878015289302984,0.0033952843214336407,0.0612019795568934,0.05210457145380469,0.005721342272418818,0.045040759293742565,0.01954686970271208,0.006267181489501786,0.0034813073136333965,0.003615826498237921,0.012688816750958178,0.0,0.0,0.051791458269478334,0.006748417441854601,0.0,0.015749656157042956,0.06542078939302527,0.08781153588597747,0.04422828158953555,0.03760308893701071,0.0380996299686073,0.029625329927244193,0.0,0.015127732963875228,0.02537763350191636,0.0,0.02966484200885794,0.010509772290668332,0.0,0.0,0.022618416334461745
MYS,0.02411366609853496,0.029823113104336118,0.01536964557674796,0.010001309879404051,0.0,0.07397609584348815,0.02858954666176388,0.009941037701445372,0.10956391190910762,0.014555737802746903,0.010889452946956485,0.0,0.006282628416438338,0.0055118187176153004,0.0,0.0,0.014208871424926838,0.00586280884976717,0.0,0.0,0.037890323799804886,0.036988047921744066,0.02049286076899728,0.010889452946956485,0.0050922673507108615,0.018718209036952475,0.0,0.0197137345448094,0.022047274870461202,0.007671831834376687,0.015463118553793615,0.006087035617428604,0.0,0.0,0.022457320460002747
NAM,0.068537191219146,0.08422153155239606,0.016801713083482817,0.00819988682629259,0.019347324027305064,0.08592312372406356,0.0625067582462026,0.013584117992321943,0.02281381618331517,0.03977992352831868,0.02380815655601629,0.013225005479963735,0.003434006319014548,0.01506345676598505,0.01206597097315859,0.0,0.02329917561172204,0.01602269090481111,0.0042230554104583365,0.00498589730378827,0.06471993225478344,0.05307016465309808,0.0028002855139138035,0.02083213698651425,0.03061706790770637,0.035808988449597755,0.004906145444501657,0.0035917604602729194,0.00903807405959103,0.020966637887365084,0.0,0.009981293205065809,0.0,0.0,0.015343614021084973
NER,0.059845521007467074,0.08635115969442149,0.030515623579824788,0.007446403189514524,0.014641256478844272,0.09409221371100147,0.09697019751139453,0.00986870396507674,0.010358732821026279,0.024083043722839988,0.016215327418915425,0.0030024415297898125,0.009355371414906841,0.008207569803111046,0.010957234732926278,0.004842887065232613,0.06347467688159357,0.008730224149603416,0.0,0.0,0.08698381646736897,0.1422857865873681,0.03560156084312892,0.035133209407650086,0.012638036517023884,0.05574603053217984,0.0,0.0,0.013679283005185077,0.0,0.06907772084290491,0.003021372332414905,0.0,0.00750990474845994,0.01393369674553726
NGA,0.05889653011147933,0.04451430752469382,0.029197512263161977,0.018320807567985608,0.007204542533505136,0.07716680107931961,0.050431813129553034,0.01618702091807048,0.05309620235216208,0.0395019177687316,0.01108208015680172,0.007387076968765873,0.012787527903470932,0.035899642495341985,0.008986235094990351,0.0,0.03856057853062026,0.021479464998012374,0.01572578320550001,0.0,0.06940904135511647,0.1016343233727624,0.0020855365902258554,0.02216416031360344,0.006218815424649738,0.024764118283502102,0.007307787574258794,0.02139995461464565,0.015706093591712125,0.0031230165831912797,0.02937508164040862,0.009911537993063943,0.0,0.01231802936699932,0.029710948259212555
NIU,0.018183004121419825,0.01686617620503564,0.005794770644264443,0.0037707633922958173,0.004448487078329101,0.038350100289692615,0.041319613744793635,0.003748039156674585,0.025571958219320862,0.012805112777356662,0.004105617267101223,0.004561194036866889,0.0023687202502233407,0.00415620843588802,0.0,0.0,0.005357127502397196,0.017683495664707713,0.002912993145405312,0.0,0.035714183349314636,0.0714706414489726,0.005794770644264443,0.010264043167753058,0.00767968817740018,0.010585903985121835,0.006768354502193815,0.0049550728483466885,0.0,0.0,0.023320049904043013,0.002294976493135941,0.0,0.005704379655065556,0.004233507555546321
NOR,0.0,0.004159427130823988,0.004287206407957421,0.02092322798963072,0.004936756813698488,0.0928569600050212,0.07974763441151912,0.008318854261647976,0.004365962794021107,0.0,0.0,0.0,0.03680198206892212,0.0,0.0,0.0081646529967579,0.00396342025706481,0.0,0.0129309030289356,0.0,0.00792684051412962,0.007738080000418434,0.008574412815914844,0.0,0.004261308650479491,0.0587391091707269,0.0,0.005498945869847523,0.004612397418209018,0.0,0.0,0.02037500056135452,0.0,0.0,0.0
NPL,0.010415427433868226,0.1051990116788818,0.0154901096711894,0.0021599353011463288,0.0,0.02196736490744811,0.0246973933707146,0.02146918605691465,0.02478875841640746,0.02305257846077403,0.03292440666220678,0.0026127027847293906,0.0,0.004761445036799829,0.009534905980884896,0.0,0.014320237612305163,0.012661629277743952,0.0,0.0,0.057280950449220665,0.09985165867021867,0.006638618430509743,0.00940697333205908,0.0131970329642429,0.01010620632713537,0.0,0.005676641916468503,0.009522890073599658,0.0,0.033394961292949936,0.0,0.0,0.0,0.0024250003157389424
NRU,0.05059625270408855,0.08296066088989572,0.0,0.011923378370382622,0.0,0.03086753106437643,0.01363357345772922,0.009481218387416656,0.007464005033533831,0.023137445178007643,0.012982206260844004,0.0028845534266834397,0.011984055156451292,0.018399049968482843,0.007018005997727666,0.00465273556219281,0.002258607485864181,0.02516231980199393,0.0,0.013049903540250436,0.047430757203147794,0.0485061202440201,0.0,0.0051928825043376006,0.0,0.017852404651363413,0.004280387989308692,0.009400941232911835,0.013142178548916314,0.003658486932540501,0.012289897725140195,0.0,0.00869993569350029,0.007215035250912238,0.016063923561510724
NZL,0.011959784797896438,0.0,0.02540988621234087,0.0,0.0,0.06879435473913942,0.02363285229676519,0.0,0.0,0.0,0.0,0.0,0.015580145200384216,0.0,0.0,0.0,0.011745417430424758,0.0,0.019160074377233643,0.0,0.0,0.011465725789856569,0.08893460174319305,0.0,0.012628196268247304,0.02320942727758773,0.0,0.0,0.0,0.0,0.02556442053122276,0.03019019826520687,0.0,0.0,0.0
OMN,0.04926588893675893,0.08462595050773862,0.0,0.017027806961117286,0.020088234492139177,0.03148714255804776,0.08112558713682189,0.0,0.0,0.016521322138161137,0.07415968705250983,0.0,0.0,0.0,0.0,0.0,0.032255230921599584,0.0,0.0,0.0,0.032255230921599584,0.12594857023219105,0.0,0.0,0.034679515578602,0.04780324587213872,0.0,0.0,0.07507351437755383,0.0,0.017551234183374006,0.0,0.09318300209970387,0.0,0.019117441728525992
PAK,0.0627246458956463,0.06608334572851865,0.0088843633997945,0.0043359134892969955,0.003410141505970039,0.14832927338613214,0.10191079842272582,0.011492755778872809,0.06484091828589607,0.06450646853582419,0.011015559810055229,0.006993081840195064,0.0,0.007965213029239695,0.012760421555144407,0.005639860968810375,0.05338698592382602,0.04575114471015873,0.0,0.0,0.07802713327328419,0.11358547962001107,0.017768726799589,0.03304667943016569,0.02207673891049315,0.02975496531327128,0.00778277407868288,0.00569772350275066,0.007965213029239695,0.0,0.023835720234406825,0.02111152251989826,0.0026364289939254442,0.0021864446816440746,0.0016226707616321665
PAN,0.0494525981885982,0.02038720039576031,0.029418904767200743,0.016408645846045792,0.012098619269003514,0.0986121970601344,0.15635143520481787,0.006116160118728092,0.019259571100133214,0.03582129983668796,0.04243122152683312,0.01984824021018109,0.01803828651883749,0.009042963611316969,0.024144997203180082,0.008003718376178085,0.0019426483621889762,0.004809407729531569,0.009507015139011327,0.0037414459864993275,0.06022209922785825,0.12895441154017576,0.021013503405143387,0.026798666227473556,0.004177313397881404,0.021113141261583646,0.00368159973302414,0.0053905553763992095,0.004521481805658484,0.0,0.0232554304546516,0.009986693033513344,0.0,0.03723429547022205,0.0
PER,0.10047808894731952,0.1984844293031146,0.0266846022956232,0.039069358774584034,0.025606300013772763,0.08830005853990196,0.0455004392987347,0.021574394489468983,0.0,0.029483422450254638,0.028359214887756643,0.026255061748524718,0.03817739578921296,0.033493447447920835,0.006387754136130196,0.008469793511530275,0.041115465887019614,0.01017894145379502,0.006707087160727836,0.007918638175603865,0.05345010565312548,0.016054556098163992,0.0177897348637488,0.018906143258504426,0.0,0.024373754814802126,0.007791975695604018,0.005704459952821654,0.004784778206845833,0.006659873201271296,0.0044744815009733615,0.01585236209247161,0.0,0.01970126754576545,0.05361144539076498
PHL,0.17748708661579732,0.12195061314729876,0.03491582919789825,0.006816110867894425,0.0,0.02520816157699359,0.006494799916516379,0.020325102191216457,0.02844578901869071,0.026453474281227317,0.007421399743850137,0.016489819705359364,0.0,0.037564246999654216,0.0,0.0,0.025823082271627218,0.015982528528419845,0.0,0.012433499212301484,0.1420269524939497,0.05041632315398718,0.0139663316791593,0.014842799487700275,0.013881965162536291,0.038270603425766624,0.012234619327858959,0.008956893440153255,0.045077096399585063,0.0,0.04917944561786613,0.008296895131838036,0.02486699842460297,0.0,0.007652576907272751
PLW,0.03010575963618555,0.012411322706013413,0.019188905309385912,0.024973144278102082,0.007365399129348911,0.0981311058482813,0.05948978035867576,0.006205661353006707,0.02605520974630433,0.00605758220015415,0.0,0.007552009030573484,0.0,0.006881470813798668,0.0,0.03654378593668523,0.005913228707078844,0.0,0.009646136674865418,0.0,0.029566143535394218,0.1904897937054872,0.0,0.0,0.04450364509737804,0.029211957017633083,0.0,0.0,0.013762941627597336,0.0,0.0064352019100438,0.0,0.011388590052614255,0.0,0.0
PNG,0.09334387506899992,0.030785363866884168,0.0,0.0038715018118550015,0.0,0.17181664754642478,0.11435898477662035,0.003848170483360521,0.012117752248305856,0.03756345649101373,0.004215301527759874,0.009366098660038685,0.004864004333580772,0.004267244272834286,0.011393676394310395,0.0,0.007333662240823316,0.018155921860735814,0.0,0.01412427575227889,0.08067028464905646,0.07516978330156084,0.07536136878691849,0.012645904583279624,0.0039424280444157024,0.010868713359808472,0.0,0.005087450872532171,0.017068977091337145,0.005939524163370099,0.027933570404850158,0.009425153187276304,0.0,0.0,0.008693216978443403
PRK,0.08099773910138694,0.0730448221759806,0.0,0.006998827664897166,0.0,0.03882586024031935,0.03001006555880425,0.010434974596568659,0.01095312152665334,0.03395325267231391,0.03429154026510712,0.004232963950404714,0.0,0.0,0.010298636217759824,0.0068276987776831185,0.016572069661350934,0.00820548293504119,0.0,0.0,0.07954593437448447,0.1003001389541583,0.0035851804066761484,0.003810171140567457,0.032071710442790835,0.009824127101211071,0.0,0.009196997351635731,0.03085697356838033,0.005368679655996599,0.039676826851456584,0.012778960093278979,0.0,0.010587768572941879,0.003928858259821612
PRY,0.03449255433318908,0.0639891511062261,0.029313299380887708,0.007153012797986861,0.0,0.03968119926495348,0.0,0.0,0.007462946863802404,0.04858174647777615,0.015576438932876432,0.0,0.0179735342708758,0.007884189231747923,0.0,0.0139562278358469,0.006774861851296333,0.01677250169836117,0.0,0.0,0.10839778962074133,0.07274886531908137,0.007328324845221927,0.0,0.0,0.033468513227562495,0.0,0.0,0.0315367569269917,0.0,0.03686446617019351,0.008706988224199113,0.0,0.0,0.02409246927590405
PSE,0.051559963055670364,0.06046959028942508,0.02644185959079101,0.014748173426900928,0.004349719943484757,0.03579415219435203,0.01932280026288184,0.0073296473078091,0.0038467998636211313,0.008943434579233033,0.01806508200801608,0.0022299622679488296,0.0023161289515991317,0.002031965295676673,0.002712705617861441,0.007193782337644518,0.0331751802808941,0.006484079790128053,0.008544953030118584,0.0033628304732758823,0.04015942876108233,0.11079142345870867,0.007554817025940291,0.0020072313342240087,0.04693237868964534,0.01035087140259705,0.0033090403596075426,0.012112645721098173,0.08737450771409694,0.008484801572972723,0.015201525726925862,0.002244022483655644,0.010088491419827645,0.0,0.016558053936998225
QAT,0.014257212574941506,0.00489803469209332,0.0,0.0,0.0,0.0318925757924196,0.004695438430275084,0.0,0.0,0.0478115805532741,0.05365327032645275,0.0,0.006191010006283779,0.0,0.0,0.0,0.0,0.0057773125908367,0.0,0.0,0.060673886331515235,0.08656556286513893,0.0,0.005365327032645275,0.04014406204948927,0.004611311212687474,0.0,0.012950835195961602,0.021725763531896744,0.0226798647818544,0.035554453085848176,0.0,0.008988841961978267,0.037273155748154124,0.0
RUS,0.0,0.0,0.010497513695926336,0.020492773287188938,0.03626394486330426,0.1042096558462578,0.009763372751295844,0.010184637528062321,0.010690354012597512,0.01988322452533468,0.0,0.0,0.012873161749628086,0.0,0.0,0.0,0.009704701493733852,0.0,0.0,0.0,0.019409402987467704,0.047368025384662636,0.020995027391852675,0.0,0.010434101292148959,0.009588444382830562,0.03678362705657167,0.0,0.0,0.0157196519630975,0.010561356017587956,0.0,0.0,0.0,0.0
RWA,0.044439872737602214,0.042137534442562026,0.03776697084890672,0.009215872369507577,0.0,0.04601238532635612,0.02634431052671244,0.023816867293622014,0.0,0.02324855050483486,0.014047973079546715,0.0022295422821918915,0.004631385474830407,0.020315826001956583,0.005424389426754503,0.00359621373894738,0.03316893214683278,0.015126670052801246,0.0,0.006724394251664526,0.05062626485569214,0.06646233436029217,0.02454853105178937,0.026089092862015332,0.02252329898772412,0.02587230486062037,0.003308417142865205,0.02179865601790253,0.01218949560117395,0.002827734521916591,0.03419699109288705,0.0,0.0,0.002788339091002589,0.0103468346454659
SAU,0.060263016298075574,0.05796904269993582,0.004267848217513842,0.008331501008623053,0.004914465682952875,0.019257849864347674,0.003969377340246871,0.016562583628553094,0.017384995967173217,0.10104605100659136,0.009071360582252785,0.0,0.02616843474480909,0.013774712640309366,0.0,0.0,0.00789104814173449,0.0,0.0,0.0,0.05129181292127419,0.0770313994573907,0.004267848217513842,0.0,0.008484134794382325,0.0038982588118817328,0.0,0.00547411626491181,0.013774712640309366,0.01917285098756619,0.02576282294636111,0.0050707501314970534,0.01519777380909941,0.00630191288942309,0.0
SDN,0.06027444936565163,0.10871257604260168,0.02058102921577596,0.01339245266237273,0.0157994937410874,0.026828522667287996,0.03402968921499658,0.028842112011302486,0.011643947035320769,0.02598819979112748,0.00972115885284018,0.013499825028234056,0.005608585587087241,0.039363788490015365,0.003284454783884921,0.0,0.027482969987620124,0.0209352284012956,0.010345948219759414,0.004071604586439546,0.08667705919172501,0.06810317292465412,0.022867810239751058,0.00972115885284018,0.04091341049974854,0.016709993089206628,0.0,0.008799355946819031,0.02952284136751152,0.0,0.03681101522214756,0.0,0.008143209172879091,0.003376665259823082,0.030071921059428536
SEN,0.03574887351653643,0.08038766322795961,0.02071430115686136,0.01347917515537812,0.003975450742132522,0.052965952111996485,0.051375071427441715,0.016747429839158248,0.017579020685658437,0.08173901790730366,0.03302136441359795,0.012228518527483584,0.004233677882320268,0.02228551184253135,0.004958584783311176,0.0,0.044683049288664366,0.011852321597081873,0.0,0.006146955240497689,0.07659951306628178,0.08723803877270009,0.024166684683004928,0.022014242942398638,0.041178344268442,0.0851421285518109,0.0,0.048709847761651874,0.0,0.0,0.04862731654278296,0.0,0.024587820961990758,0.0,0.04539997655070225
SGP,0.014338984843716053,0.01900077703336122,0.0,0.008495990269707042,0.0025057461182542273,0.06087798167104275,0.002023872482559212,0.008444789792604986,0.0044320572134339395,0.006182460509258489,0.004625228464838236,0.0025692317525572005,0.0026685079523516213,0.0,0.0,0.0,0.002011710379695619,0.002490192161896211,0.0,0.0,0.012070262278173713,0.05302275822961788,0.008704217137117472,0.006937842697257354,0.004325818756149201,0.0059628335098804615,0.0,0.002791096014619709,0.0070233337569637075,0.0,0.008757153236690846,0.002585431108555712,0.0,0.0,0.007153957022099286
SLB,0.0382159627739378,0.0695065328089112,0.009552240199777537,0.011654658097444115,0.0,0.032326994470060294,0.031094723506563476,0.016218190988745943,0.004863857876585313,0.02261599057091591,0.00761377374535737,0.0056390869948929594,0.0,0.010276791888020491,0.0034299196875483954,0.022739378266260837,0.013246227976524486,0.02186242672885644,0.0,0.004251931492393061,0.026492455953048968,0.019396196682036182,0.004776120099888768,0.03553094414500105,0.0023736344790408217,0.008725030187152604,0.004183919774257589,0.003063023260138764,0.010276791888020491,0.0,0.0048051668441506925,0.011349284412304964,0.004251931492393061,0.010578642193297764,0.007850943373479323
SLE,0.024771129995956383,0.027232218852270708,0.010525801344837977,0.005136998790233984,0.004040185034580811,0.06966031306233983,0.03100066001718829,0.005106041034800758,0.016078741962431427,0.009968401924052692,0.00745757069681738,0.0,0.004302617019022778,0.0037747330334115523,0.0,0.006681858170229346,0.009730852751698252,0.0040151063319746735,0.005291251207286229,0.0,0.02270532308729592,0.020581456132054952,0.0052629006724189895,0.001864392674204345,0.02092443612732732,0.012819043150362662,0.0,0.0,0.005662099550117327,0.01838901365860819,0.0070598771349308035,0.002084333284332095,0.0031235246242259924,0.0025904030862802588,0.0038449372940805616
SLV,0.04278989814051997,0.05237009449743005,0.017045976283675074,0.0055460644866112355,0.00654286510118281,0.025638903988754687,0.026423117128495502,0.01653792457813581,0.00867955623785197,0.06726373968147457,0.006038569846946699,0.006708635263643153,0.0,0.03973436793730749,0.012241385984037923,0.0,0.02101146567261649,0.03251125737084078,0.004284450163720839,0.0,0.10505732836308247,0.056405588775260314,0.005681992094558358,0.0241542793877868,0.0028238344227556585,0.018164789650357147,0.01493241286927751,0.0,0.018338939047988074,0.01276287044305403,0.022866192181502324,0.0,0.005058382247746187,0.012585060688670548,0.03424669464961118
SMR,0.0,0.0,0.007741630456718064,0.03022572437972335,0.0,0.05589220588639802,0.01440044300795805,0.015021785607858341,0.007883844938362803,0.0,0.0,0.0,0.0,0.0,0.0,0.0,0.014313906098813146,0.008859221767990288,0.023350000722118232,0.0,0.007156953049406573,0.06287873162219777,0.007741630456718064,0.016454924774327938,0.015389731071868562,0.021213649788942142,0.0,0.0,0.0,0.0,0.0,0.009198048209707071,0.0,0.0,0.0
SOM,0.00852801670992768,0.012556207647908043,0.010353551524215084,0.015158802616183182,0.0014902759853793475,0.0,0.014444217806053403,0.028879277590188508,0.022405462889704915,0.011030932895057138,0.04951483450014761,0.00764016823934599,0.0,0.006961802420882235,0.024164700795899573,0.0,0.015553869326688716,0.011848202978965279,0.0,0.0,0.04785805946673452,0.053726187121085636,0.012941939405268856,0.016504944833382537,0.0038591282826474977,0.01063906776491135,0.0,0.0,0.001392360484176447,0.003876018437723428,0.029947490160581007,0.0,0.032260300834420684,0.003822018525284253,0.007091281297283737
SRB,0.0,0.035683354706972925,0.012259853913011171,0.0,0.0,0.08851239837320715,0.01140246415449887,0.011894451568990973,0.0,0.0,0.0,0.0,0.0,0.013189782146023059,0.0,0.0,0.02266788613550064,0.014029701529382231,0.0,0.0,0.02266788613550064,0.0,0.024519707826022343,0.0,0.0,0.07838717962569268,0.0,0.0,0.0,0.0,0.0,0.0,0.0,0.0,0.04030527575737521
SSD,0.047514766199266506,0.08664062308819426,0.011648120600043329,0.022738936246508912,0.0,0.049055924640695685,0.04694521977101549,0.015067934450120741,0.019770162790105104,0.025739672384693525,0.03301095280597475,0.009168497164630742,0.0,0.03341772785989964,0.011153298028095258,0.0,0.032305230551011165,0.017772876855508813,0.0,0.0,0.07537887128569272,0.06657589772665844,0.007765413733362219,0.049516429208962126,0.01543701028954858,0.0,0.0,0.0,0.012531647947462364,0.011628429814317078,0.023437921046122936,0.004613152893768274,0.0,0.0,0.02978434067265862
STP,0.08648355006045291,0.0891337124136046,0.007655994663960255,0.01494568785343423,0.0,0.04145545622613941,0.021361723885680497,0.0,0.0,0.014501134771308629,0.04068226227422146,0.009039307856499174,0.0,0.00823671329570913,0.0,0.014580249661001715,0.021233354393293904,0.026283670460031727,0.0,0.0,0.042466708786587815,0.03454621352178284,0.03062397865584102,0.016272904909688586,0.0,0.0489509771646045,0.0,0.0,0.01647342659141826,0.022929157329032987,0.015405111659195168,0.018192603846456396,0.0,0.011304856451120743,0.008389903564305492
SUR,0.019012966598599697,0.026943937970268464,0.007574090890745422,0.014785798997417953,0.0,0.006835327677977602,0.014088797549697588,0.002449448906388042,0.010284303539682248,0.0023910002901357513,0.005366272498535736,0.0029808684697253487,0.0030960504860875547,0.008148596998948498,0.0036261683707177156,0.0,0.007002066709340623,0.002889165327948886,0.0,0.004495212977769393,0.023340222364468744,0.08202393213573121,0.005049393927163614,0.01609881749560721,0.0050188920182530706,0.002306061903801037,0.0,0.0,0.010864795998597998,0.0037806435627891688,0.01270025657563946,0.0059993265025391615,0.0,0.003727972394002301,0.0055334322928039656
SWZ,0.04292648313153538,0.03594654590099015,0.019950451377532652,0.0,0.0,0.046297337674095405,0.04771342708864166,0.013825594577303904,0.014512102179265973,0.01889396459064348,0.006057844910551259,0.006730049170360137,0.0034950505560559808,0.006132492261830138,0.0,0.0,0.015808900569284804,0.003261503302792025,0.0,0.010149057121737573,0.057965968754044285,0.06687393219591559,0.00570012896500933,0.018173534731653774,0.002832848078221593,0.007809759216198456,0.014980077004183629,0.01096682698956056,0.009198738392745208,0.004267869805661199,0.02580657848157477,0.023703690663343317,0.0,0.0,0.00624654723776869
SYC,0.02062548368989135,0.07085840526208696,0.032135489767870146,0.008554562087418564,0.006728055647723174,0.04350157777828122,0.04619070383568934,0.03117769831531826,0.026775672337453826,0.008300110303098518,0.0232855752036535,0.0034492589008070424,0.0035825397212072953,0.012572005334764,0.004195956197180172,0.0,0.03916119825645035,0.026745169938340804,0.002202859043830764,0.0,0.03105888137580545,0.1357776518534232,0.002921408160715468,0.0093142300814614,0.05517145501343329,0.012007883215000731,0.0,0.005620675963847149,0.028287012003219,0.0,0.03673968969192209,0.0,0.023407000642367698,0.030196298376801937,0.038417476212345134
TCD,0.04194491109139357,0.08028475327335034,0.009548207681258322,0.015532984045780455,0.03664949063456149,0.06031824865340649,0.03256167277292078,0.0,0.009723609156905885,0.024113539344039432,0.03382470914948412,0.0,0.0,0.02396905815954495,0.009142591286600029,0.0,0.061789634785542676,0.040064195257412574,0.0,0.0,0.07944381615284057,0.043084463323861774,0.025461887150022188,0.023677296404638882,0.02530807935175108,0.043606734394158866,0.0,0.004082306922587782,0.020544906993895672,0.004766033366516766,0.03522301436635954,0.0037814977546621054,0.0,0.0,0.003487835139820579
TGO,0.05940067348035366,0.06778030489514643,0.036058086796193316,0.010998589453063177,0.0,0.06101446090565449,0.07545684079549883,0.024051075930535838,0.0367204772514716,0.014940017570561018,0.028740704673974563,0.013304123172977706,0.005527280044055283,0.009698286635769698,0.009710523857048157,0.0,0.03958512581907814,0.04384244392322293,0.0033986556410683143,0.008025160150796216,0.10625481140910448,0.06711590699621993,0.036058086796193316,0.00958023489132485,0.011200084519137765,0.022643162633108737,0.003948396899923098,0.0028905983377442387,0.016972001612596974,0.010124193296681771,0.038544716104793784,0.0026776014961855947,0.004012580075398108,0.0,0.01728765488257372
THA,0.016216123633047454,0.05849565088116813,0.0,0.02101796716047261,0.00991822032823775,0.0272059115329036,0.052070672618550085,0.016713043108905173,0.004385731622006783,0.01223567803911756,0.004576883772114079,0.0050847542794799135,0.00528123133191115,0.009266564175949293,0.0061855044354977755,0.00820162207511942,0.011944099186907106,0.004928327403445163,0.0,0.0,0.06768322872580693,0.116596763712444,0.0043066186315645644,0.009153767544228156,0.021403018052664383,0.015734687059410318,0.007545265393644004,0.0,0.04633282087974646,0.0,0.03899529024270108,0.0,0.01533583494745246,0.0,0.014158362143519732
TJK,0.00483648067686269,0.04486218820801022,0.01541345756767485,0.0,0.0,0.07418696863321628,0.0,0.014954062736003406,0.005232201412306388,0.009731486470894096,0.005460246955434983,0.006066139202141221,0.0,0.011055060899153823,0.007379340058302553,0.0,0.02849874913498128,0.005879521097739933,0.0,0.0,0.056997498269962574,0.02782011323745611,0.0205512767568998,0.02184098782173993,0.0,0.05631469885754791,0.03600616877763855,0.0395398591840682,0.016582591348730736,0.007693700798435872,0.010338131329603659,0.012208774071420452,0.0,0.0,0.005630334061144447
TKM,0.01806561743503934,0.07075300542164338,0.02686768230332535,0.00374641992205346,0.008839536655787121,0.13509074536308993,0.00356981396995742,0.0037238423906128092,0.01954374582948081,0.07996965386352874,0.0040791120315904535,0.004531747667589796,0.0,0.0,0.0,0.0,0.021290170834868283,0.004392333432081971,0.0,0.0,0.08161232153366174,0.08313276637728613,0.007676480658092956,0.0040791120315904535,0.003815054644074754,0.024540980361946824,0.0,0.004923083657861043,0.0,0.0,0.01158474961890869,0.0091206419072548,0.0,0.0,0.004206176679944367
TLS,0.016507662830465314,0.03934375598159156,0.00876808908442043,0.008558334238641259,0.0012620666994912324,0.045498976244253836,0.02446468502755616,0.00957010280633308,0.007813014744383534,0.009341741534961569,0.009318337209801951,0.0051761697876032955,0.00268808958693462,0.012970597391403346,0.007870887023321555,0.0,0.022291196436963395,0.00501693061394886,0.004958618397574158,0.0019514435005007157,0.06788682551257033,0.04747719260269966,0.016440167033288305,0.01747188226837866,0.01525146634880114,0.008008785410043724,0.0,0.014057886030323043,0.00943316173920243,0.0,0.029772271006437374,0.007813209364267631,0.0019514435005007157,0.00809186075754283,0.014412906178177996
TON,0.03572076103795773,0.0213141625641037,0.01997176565885089,0.013645793392266046,0.009199067254137286,0.04325701327492491,0.06501265861324458,0.015501209137529963,0.05898208174518117,0.011348490097700012,0.02971515268714485,0.0070741012560278016,0.004898298343765442,0.004297330783560176,0.0,0.0,0.025848790627063724,0.009141965742710024,0.0,0.0,0.06092929219236449,0.07389739767799673,0.01997176565885089,0.010612554531123164,0.011910673245325456,0.0237149120003024,0.006998171194970658,0.0,0.012891992350680528,0.002990700601491091,0.030139840756504232,0.009491605903439608,0.010667894975950044,0.008847104279404355,0.006565881844541096
TTO,0.039107737651880935,0.008061227455563117,0.012463307415838568,0.0,0.038270962145828806,0.13122268612219856,0.030911171169237226,0.0,0.033846025462797635,0.05114766075602868,0.0,0.0,0.005094608652005228,0.00893911193397184,0.0059669274897488685,0.007911801653509434,0.0038406769958074156,0.0,0.006265222784503382,0.0,0.023044061974844498,0.018746098017456938,0.0,0.0,0.004129340076101877,0.05312534847845839,0.0145572772485328,0.015985946632230855,0.00893911193397184,0.0,0.012539105028878913,0.0,0.0,0.0,0.004552682871432833
TUN,0.09556633865580128,0.042933643771389696,0.01041237237749978,0.002540820530159144,0.03297233672058386,0.12450717983830015,0.11863127567358095,0.0050510169142811406,0.010603648640121324,0.009860979648140948,0.008299356567325267,0.0,0.0031921881146230323,0.008401624782213162,0.0037387670603701243,0.0,0.050536449452154866,0.05064093995319164,0.0039256734077671,0.004634796979188818,0.03128446870847683,0.19733213408334369,0.031237117132499336,0.01659871313465054,0.0595094771529814,0.02615435948921249,0.00456066114084625,0.016694167084623224,0.014002707970355271,0.0038980389696463016,0.013094621123136559,0.012371231569514463,0.0,0.0,0.025673646456640043
TUR,0.007261736056688435,0.00748426137511613,0.06171344719746481,0.015059276401317332,0.02664884647116214,0.04873227491456526,0.02152407487415619,0.00748426137511613,0.007855891130376194,0.0,0.0,0.0,0.009459944646325984,0.0,0.0,0.0,0.0213947297622882,0.008827809559080883,0.0,0.0,0.035657882937147,0.18796734609903745,0.023142542699049303,0.008198290212218122,0.046005490761773085,0.021138432392160303,0.0,0.019789046367739208,0.0,0.011551710475067105,0.015522191868584322,0.0183308692426962,0.0,0.0,0.0
TUV,0.012474290787624643,0.00964241043687438,0.013251505560072659,0.022635368111416698,0.003814807017690354,0.07474360952704734,0.052380250809630206,0.00642827362458292,0.013494936967031992,0.009412323764765336,0.0,0.007822918090805316,0.008125198949114489,0.007128326025919276,0.0,0.0,0.009188026055133759,0.00379112730750936,0.014988250833921796,0.0,0.033689428868823784,0.1734051741027498,0.0033128763900181647,0.007041556954851851,0.009878592823908102,0.015129930730744609,0.0,0.004249230433224031,0.02494914109071747,0.0,0.009999072545384059,0.0039361213272256215,0.0,0.009783599303108624,0.0
TZA,0.08147127513853147,0.0734718631775059,0.037864474206664896,0.0,0.012457509506150993,0.043934453286912124,0.07043286370847153,0.005247990226964707,0.03305146985918028,0.04610486673275771,0.01724600922727937,0.0255462664376272,0.013266692479931072,0.011639014610573529,0.031076535005446413,0.01030142319744289,0.02000274568609602,0.012380181816096243,0.0,0.00963107812289326,0.10001372843048008,0.09275051249459228,0.02704605300476064,0.0,0.053765351449651014,0.03458546619059123,0.0,0.0,0.0,0.0,0.04897896828431103,0.0,0.03852431249157304,0.0,0.03556644743861299
UGA,0.06920122155965065,0.06361132812720721,0.017881498296505233,0.019393030749945743,0.009151425080346668,0.06454947636245352,0.04619711186368062,0.00963808001927382,0.036419966213424734,0.009408096679353451,0.012669110250366405,0.004691642885584129,0.012182324869403174,0.012825224435726736,0.008560938134906442,0.011351310135360036,0.0312252589870749,0.01136827412364546,0.0059926078373038994,0.0,0.07714475749747918,0.0771007634329306,0.05165766174545956,0.012669110250366405,0.0,0.0217773156405286,0.006961927510793076,0.0,0.01068768702977228,0.0,0.02198808029092615,0.00472122433274078,0.0,0.011735046572911316,0.019595630989555596
UKR,0.016181316423341637,0.022236225710646502,0.017189498641953488,0.0,0.0,0.07239337391371742,0.005329118478610565,0.011118112855323251,0.005835090451080098,0.02170562610513058,0.0,0.006765120098412627,0.00702652719563334,0.0,0.0,0.0,0.00529709408593382,0.0,0.0,0.0,0.06356512903120584,0.046538597515961184,0.017189498641953488,0.006089412918099668,0.005695220639435821,0.010467275488358272,0.0,0.014698634894504556,0.0,0.0,0.0057646797829205825,0.0,0.0,0.0,0.0
URY,0.0713319287804892,0.06662549880154993,0.00236800899881398,0.0219579222815742,0.028631228869692136,0.15600374896321278,0.08699491427586482,0.02182559443499049,0.021703585927156783,0.008970439280246448,0.015099691269790109,0.02236695639092057,0.0014519515644040909,0.012738130093471576,0.01190392276747625,0.004509689977284679,0.032837519150201014,0.0040647865432955465,0.005356721572550636,0.008432461350008191,0.031742935178527644,0.07265928033903063,0.010656040494662913,0.01761630648142179,0.025890750054774262,0.05191062929573023,0.006223185013284192,0.009111914891445944,0.011464317084124416,0.003546008929836783,0.02025048863158602,0.0140674894351292,0.0,0.017483033218773657,0.023355071692620542
USA,0.0,0.0,0.018787673548263904,0.045845562312495036,0.0216341753993422,0.20346189164352715,0.07863193074341468,0.009113855462693315,0.05739841464993632,0.008896381140559642,0.0,0.0,0.0,0.0,0.0,0.0,0.0,0.0,0.028333320310981368,0.0,0.0,0.08477578818480297,0.0,0.0,0.0,0.025741032798587183,0.0,0.0,0.0,0.014066935177689241,0.0,0.0892886468871466,0.0,0.0,0.0
UZB,0.03961851730108744,0.05716559663496858,0.004208696199530928,0.012324040656185614,0.004846351601186446,0.05317462550971618,0.01957181051782215,0.008166513804995511,0.012858031036983294,0.03985822448922833,0.004472816143089339,0.004969138863317738,0.0,0.009055864186390414,0.01813458160821889,0.0,0.011672518315487336,0.0,0.0,0.00749356697002544,0.14007021978584805,0.16332206406555685,0.004208696199530928,0.03130971300162537,0.0,0.0076884585440632,0.022121111133872412,0.0161947364191965,0.0,0.012604744588370685,0.016937168255513533,0.030002819762368994,0.0,0.006214568905859618,0.004612144704298715
VCT,0.02330144563274114,0.034307834964786205,0.014144714190488959,0.005177376332518965,0.0020359707322496023,0.04308209164217334,0.03782208322558808,0.012007742237675171,0.0162051231647614,0.025116887458073618,0.013153329463516095,0.00835021651150709,0.006504654302585648,0.015217611891142626,0.002539468892220336,0.0,0.019614677281080236,0.006069998459576975,0.005332841195543348,0.003148075972735677,0.0424984674423405,0.03350829349946816,0.01237662491667784,0.013153329463516095,0.008787043823370484,0.016149753319584674,0.0,0.002267823445985557,0.0038044029727856564,0.0,0.0017788421937324254,0.00630214932261507,0.01888845583641406,0.013053820117777969,0.027126113342611557
VEN,0.03141102471487221,0.03699836547406126,0.007150306906247717,0.01628492482848464,0.01921183329059738,0.02796247489391169,0.04433501343526218,0.034685967631932435,0.016990537009831955,0.05417326874158609,0.022797089627333383,0.0,0.0,0.0333348962534475,0.023962944177536392,0.0,0.015424006511323418,0.010910045361597832,0.0,0.008487395481158667,0.08373032106146999,0.07958550546728711,0.007150306906247717,0.020264079668740782,0.04738075998490506,0.03483253759657063,0.008351635450640405,0.024456734378995388,0.015385336732360384,0.0,0.06953999561931026,0.008495480119539255,0.008487395481158667,0.04575201338555058,0.03134296092498809
VNM,0.06790096076109532,0.14534658016655344,0.008322871425770142,0.010831689748460306,0.0063892409665564295,0.05508120570611768,0.020642169424032016,0.005383206672835313,0.008475763358836331,0.03941064666538571,0.005896786384690933,0.003275559452418269,0.0,0.008954173656079555,0.011953962615323608,0.0,0.02308288946243631,0.00952437139948754,0.0,0.0,0.06668390289148265,0.09263657323301608,0.008322871425770142,0.01474196596172733,0.0441205087927148,0.022806368845914967,0.0,0.007116836326030112,0.038801419176344734,0.008308801870388703,0.03349395323971964,0.009888636902190894,0.0,0.0,0.009120707589966491
VUT,0.04998691365099814,0.1729556013722288,0.06827318315371826,0.033319958051276764,0.008735242850848654,0.05476794628845444,0.0952477732378546,0.040478970533925886,0.03476368398373168,0.01077629005802476,0.0080619687658478,0.00447827957014551,0.004651322183719988,0.04080655893448657,0.0054477397769882845,0.0,0.028051969964869826,0.0390645919969308,0.0,0.0067533407281309705,0.0736364211577833,0.08899791271873847,0.015171818478604056,0.0,0.0075400849847561315,0.04157388364969182,0.0,0.0,0.016322623573794628,0.005679814121688114,0.022896132507396173,0.009013031465098185,0.027013362912523882,0.016802052267336557,0.016626199405524678
WSM,0.031898206574414265,0.04109460078428442,0.00847140869516493,0.008268751193937673,0.0,0.12614452482191754,0.09848703609165116,0.008218920156856884,0.025881087815637752,0.008022800732196288,0.018006076832375862,0.005001026942605592,0.005194268735385568,0.004556988849621093,0.0,0.008066571306359434,0.00783161565675312,0.014541527538159628,0.006387782271943944,0.0,0.039158078283765614,0.16054757704607694,0.00847140869516493,0.009003038416187931,0.004210117698957778,0.023213391324082004,0.0,0.0,0.004556988849621093,0.0,0.008522928932671606,0.02516279549182065,0.0,0.0,0.004641741871949517
YEM,0.061808535866854565,0.057112647504717014,0.011320609816263252,0.008839833779971525,0.0026071568442297705,0.0469955222526962,0.029480936391912942,0.006589920865928887,0.004611428194518256,0.03216336266765031,0.0,0.0053464236454719314,0.0055530117126967714,0.024358589962997116,0.0032519100585229623,0.004311845153521174,0.03976941019269219,0.0233187605956363,0.0,0.0,0.027210649079210444,0.05516865655751292,0.0022641219632526504,0.016843460660814116,0.0022504450660088085,0.01861247085213706,0.0,0.00580811042619755,0.009743435985198844,0.0,0.015945241101520596,0.0026900667872337487,0.004031260218266684,0.0,0.0024811622477920754
ZAF,0.1447121164025544,0.1783910413128557,0.015071416882699347,0.02647956691615001,0.010412923415535544,0.06800688983712141,0.04765916402742442,0.03216887630231824,0.03683587255752232,0.028546603936313038,0.0,0.03558915151225757,0.011089299406335865,0.022700448913605592,0.0,0.0,0.011146532877854836,0.03104486134835306,0.00454578137075745,0.08587071445547778,0.08638562980337497,0.05440551186969713,0.012057133506159478,0.0,0.0029960749740448327,0.008259752551099522,0.0,0.0,0.022700448913605592,0.02256890868155987,0.033358767494513865,0.010744063787392188,0.0,0.017803586533408626,0.00660646929750523
ZMB,0.06915250074905385,0.15442175309988468,0.016324682211871454,0.02788477048834144,0.004699504669948661,0.029464804097699887,0.0303660394447116,0.08710970687685803,0.06234213061414561,0.03478544991853677,0.013011862581611385,0.0,0.010009526098844172,0.026344400615058872,0.005861698171364347,0.007772273647408695,0.10941540541464086,0.014011000087336224,0.0,0.0,0.094323625357449,0.08839441229309968,0.032649364423742916,0.004337287527203794,0.028395621783955383,0.05591620739560997,0.0,0.0,0.026344400615058872,0.006111407191551728,0.06569585359263319,0.0,0.0,0.012052528581564404,0.08944788723552186
ZWE,0.06779377376179514,0.10480682273726452,0.01440353740725654,0.007029484199077455,0.008292901562268447,0.05849389015044234,0.060283033604883775,0.010480682273726451,0.04033736230673316,0.054563161625342714,0.02678802419141346,0.012754516025822856,0.0,0.030992134471061774,0.0,0.0,0.039947182268168235,0.02060356226763845,0.0,0.012822720748835831,0.1031968875261013,0.08449117466175005,0.010802653055442406,0.01913430299386676,0.007158264929480019,0.016445265201117668,0.0,0.01385592358986106,0.034866151279944496,0.016176587259471197,0.036227837104350256,0.008556623323921191,0.0,0.0053170727620764574,0.003946067595913116
